cas,name,cat1,cat2,cat3,cat4,cat5A,cat5B,cat5C,cat5D,cat6,cat7A,cat7B,cat8,cat9,cat10A,cat10B,cat11A,cat11B,cat12,allergen_26,allergen_83,declared_name
144020-22-4,"Acetic acid, anhydride, reaction products with 1,5,10-Trimethyl-1,5,9-cyclododecatriene",0.00016,0.13,0.4,2.4,0.6,0.52,0.6,0.17,0.00016,0.87,0.87,0.17,2.2,2.2,4.4,0.17,0.17,,FALSE,FALSE,
28371-99-5,"Acetic acid, anhydride, reaction products with 1,5,10-Trimethyl-1,5,9-cyclododecatriene",0.00016,0.13,0.4,2.4,0.6,0.52,0.6,0.17,0.00016,0.87,0.87,0.17,2.2,2.2,4.4,0.17,0.17,,FALSE,FALSE,
84082-84-8,Acetylated Vetiver oil,0.05,0.05,0.05,0.9,0.1,0.1,0.1,0.033,0.098,0.1,0.1,0.033,0.2,0.2,3.8,0.033,0.033,,FALSE,FALSE,
68917-34-0,Acetylated Vetiver oil,0.05,0.05,0.05,0.9,0.1,0.1,0.1,0.033,0.098,0.1,0.1,0.033,0.2,0.2,3.8,0.033,0.033,,FALSE,FALSE,
73246-97-6,Acetylated Vetiver oil,0.05,0.05,0.05,0.9,0.1,0.1,0.1,0.033,0.098,0.1,0.1,0.033,0.2,0.2,3.8,0.033,0.033,,FALSE,FALSE,
62563-80-8,Acetylated Vetiver oil,0.05,0.05,0.05,0.9,0.1,0.1,0.1,0.033,0.098,0.1,0.1,0.033,0.2,0.2,3.8,0.033,0.033,,FALSE,FALSE,
7493-74-5,Allyl phenoxyacetate,0.054,0.016,0.21,0.3,0.076,0.076,0.076,0.025,0.18,0.41,0.41,0.025,0.59,0.59,1.7,0.025,0.025,52.0,FALSE,FALSE,
863306-60-9,Allyl phenoxyacetate,0.054,0.016,0.21,0.3,0.076,0.076,0.076,0.025,0.18,0.41,0.41,0.025,0.59,0.59,1.7,0.025,0.025,52.0,FALSE,FALSE,
101-85-9,alpha-Amyl cinnamic alcohol,0.27,0.08,0.64,1.5,0.38,0.32,0.38,0.11,0.32,0.64,0.64,0.11,1.6,1.6,3.5,0.11,0.11,79.0,TRUE,TRUE,
122-40-7,alpha-Amyl cinnamic aldehyde,0.58,0.53,0.26,7.0,2.5,0.32,0.45,0.11,0.064,0.26,0.26,0.11,1.5,1.5,3.5,0.11,0.11,,TRUE,TRUE,
105-13-5,Anisyl alcohol,0.0028,0.039,0.025,0.21,0.041,0.0055,0.033,0.002,0.091,0.033,0.033,0.002,0.099,0.099,0.17,0.002,0.002,14.0,TRUE,TRUE,
1331-81-3,Anisyl alcohol,0.0028,0.039,0.025,0.21,0.041,0.0055,0.033,0.002,0.091,0.033,0.033,0.002,0.099,0.099,0.17,0.002,0.002,14.0,FALSE,FALSE,
100-52-7,Benzaldehyde,0.045,0.014,0.27,0.25,0.064,0.064,0.064,0.021,0.15,0.52,0.52,0.021,0.49,0.49,1.8,0.021,0.021,,FALSE,TRUE,
100-51-6,Benzyl alcohol,0.45,0.14,0.34,2.5,0.64,0.17,0.34,0.057,1.5,0.68,0.68,0.057,2.2,2.2,8.5,0.057,0.057,,TRUE,TRUE,
120-51-4,Benzyl benzoate,1.7,1.4,0.41,4.8,4.3,0.21,0.83,0.07,0.41,0.41,0.41,0.07,1.9,1.9,12.0,0.07,0.07,,TRUE,TRUE,
103-41-3,Benzyl cinnamate,0.36,0.11,1.2,2.0,0.51,0.51,0.51,0.17,1.2,2.4,2.4,0.17,3.9,3.9,14.0,0.17,0.17,,TRUE,TRUE,
118-58-1,Benzyl salicylate,1.3,0.39,7.8,7.3,1.9,1.9,1.9,1.9,4.3,15.0,15.0,0.77,14.0,51.0,51.0,28.0,28.0,,TRUE,TRUE,
7492-44-6,alpha-Butylcinnamaldehyde,0.077,0.023,0.46,0.43,0.11,0.11,0.11,0.036,0.25,0.88,0.88,0.036,0.84,0.84,3.0,0.036,0.036,,FALSE,FALSE,
62518-65-4,3-(m-tert-Butylphenyl)-2-methylpropionaldehyde (m-BMHCA),0.0086,0.094,0.21,1.8,0.45,0.28,0.42,0.094,0.0086,0.37,0.37,0.094,0.96,0.96,3.1,0.094,0.094,64.0,FALSE,FALSE,
18127-01-0,p-tert-Butyldihydrocinnamaldehyde,0.0041,0.025,0.025,0.47,0.12,0.029,0.037,0.0096,0.087,0.029,0.029,0.0096,0.099,0.099,0.24,0.0096,0.0096,6.9,FALSE,FALSE,
80-54-6,p-tert-Butyl-α-methylhydrocinnamic aldehyde (p-BMHCA),0.0,0.09,0.04,1.4,0.06,0.05,0.05,0.017,0.0,0.04,0.04,0.017,0.1,0.1,0.63,0.017,0.017,16.0,TRUE,TRUE,
99-49-0,Carvone,0.2,0.06,0.02,0.59,0.2,0.039,0.059,0.013,0.66,0.039,0.039,0.013,0.18,0.18,0.43,0.013,0.013,17.0,FALSE,TRUE,
2244-16-8,Carvone,0.2,0.06,0.02,0.59,0.2,0.039,0.059,0.013,0.66,0.039,0.039,0.013,0.18,0.18,0.43,0.013,0.013,17.0,FALSE,TRUE,
6485-40-1,Carvone,0.2,0.06,0.02,0.59,0.2,0.039,0.059,0.013,0.66,0.039,0.039,0.013,0.18,0.18,0.43,0.013,0.013,17.0,FALSE,TRUE,
104-54-1,Cinnamic alcohol,0.22,0.067,0.25,1.2,0.32,0.25,0.25,0.085,0.13,0.25,0.25,0.085,0.76,0.76,2.0,0.085,0.085,51.0,TRUE,TRUE,
104-55-2,Cinnamic aldehyde,0.045,0.014,0.021,0.25,0.064,0.042,0.064,0.014,0.15,0.17,0.17,0.014,0.49,0.49,1.8,0.014,0.014,,TRUE,TRUE,
4364-06-1,Cinnamic aldehyde dimethyl acetal,0.063,0.019,0.38,0.35,0.089,0.089,0.089,0.089,0.21,0.72,0.72,0.037,0.69,2.5,2.5,1.4,1.4,,FALSE,FALSE,
1885-38-7,Cinnamyl nitrile,0.077,0.023,0.46,0.43,0.11,0.11,0.11,0.11,0.25,0.88,0.88,0.045,0.84,3.0,3.0,1.7,1.7,,FALSE,FALSE,
4360-47-8,Cinnamyl nitrile,0.077,0.023,0.46,0.43,0.11,0.11,0.11,0.11,0.25,0.88,0.88,0.045,0.84,3.0,3.0,1.7,1.7,,FALSE,FALSE,
5392-40-5,Citral,0.11,0.032,0.1,0.6,0.15,0.15,0.15,0.051,0.35,0.2,0.2,0.051,1.2,1.2,4.2,0.051,0.051,,TRUE,TRUE,Citral
141-27-5,Citral,0.11,0.032,0.1,0.6,0.15,0.15,0.15,0.051,0.35,0.2,0.2,0.051,1.2,1.2,4.2,0.051,0.051,,TRUE,TRUE,Citral
106-26-3,Citral,0.11,0.032,0.1,0.6,0.15,0.15,0.15,0.051,0.35,0.2,0.2,0.051,1.2,1.2,4.2,0.051,0.051,,TRUE,TRUE,Citral
106-22-9,Citronellol,2.2,0.67,13.0,12.0,3.2,3.2,3.2,3.2,7.3,25.0,25.0,1.3,24.0,87.0,87.0,48.0,48.0,,TRUE,TRUE,
1117-61-9,Citronellol,2.2,0.67,13.0,12.0,3.2,3.2,3.2,3.2,7.3,25.0,25.0,1.3,24.0,87.0,87.0,48.0,48.0,,TRUE,TRUE,
26489-01-0,Citronellol,2.2,0.67,13.0,12.0,3.2,3.2,3.2,3.2,7.3,25.0,25.0,1.3,24.0,87.0,87.0,48.0,48.0,,TRUE,TRUE,
6812-78-8,Citronellol,2.2,0.67,13.0,12.0,3.2,3.2,3.2,3.2,7.3,25.0,25.0,1.3,24.0,87.0,87.0,48.0,48.0,,FALSE,FALSE,
141-25-3,Citronellol,2.2,0.67,13.0,12.0,3.2,3.2,3.2,3.2,7.3,25.0,25.0,1.3,24.0,87.0,87.0,48.0,48.0,,FALSE,FALSE,
7540-51-4,Citronellol,2.2,0.67,13.0,12.0,3.2,3.2,3.2,3.2,7.3,25.0,25.0,1.3,24.0,87.0,87.0,48.0,48.0,,TRUE,TRUE,
91-64-5,Coumarin,0.089,0.08,0.089,1.5,0.38,0.11,0.16,0.035,0.0024,0.18,0.18,0.035,0.52,0.52,1.6,0.035,0.035,33.0,TRUE,TRUE,
122-03-2,Cuminaldehyde,0.085,0.025,0.51,0.47,0.12,0.12,0.12,0.12,0.28,0.96,0.96,0.05,0.92,3.3,3.3,1.8,1.8,,FALSE,FALSE,
103-95-7,Cyclamen aldehyde,0.11,0.14,0.038,0.95,0.45,0.076,0.076,0.025,0.076,0.076,0.076,0.025,0.23,0.23,0.72,0.025,0.025,16.0,FALSE,FALSE,
106-02-5,Cyclopentadecanolide,0.42,0.13,2.5,2.4,0.6,0.6,0.6,0.2,1.4,4.8,4.8,0.2,4.6,4.6,17.0,0.2,0.2,,FALSE,FALSE,
103-50-4,Dibenzyl ether,4e-05,0.0028,0.0002,0.012,0.0023,0.00024,0.00032,8.1e-05,0.0023,0.00093,0.00093,8.1e-05,0.0037,0.0037,0.0037,8.1e-05,8.1e-05,0.24,FALSE,FALSE,
33704-61-9,"6,7-Dihydro-1,1,2,3,3-pentamethyl-4(5H)-indanone (DPMI)",0.0063,0.26,0.019,3.8,0.31,0.025,0.038,0.0084,0.0063,0.031,0.031,0.0084,0.13,0.13,0.28,0.0084,0.0084,9.4,FALSE,FALSE,
119-84-6,Dihydrocoumarin,0.038,0.011,0.23,0.21,0.053,0.053,0.053,0.018,0.12,0.43,0.43,0.018,0.41,1.5,1.5,0.018,0.018,,FALSE,FALSE,
68737-61-1,Dimethylcyclohex-3-ene-1-carbaldehyde (mixed isomers),0.45,0.14,2.7,2.5,0.64,0.64,0.64,0.64,1.5,5.2,5.2,0.27,4.9,18.0,18.0,9.8,9.8,,FALSE,FALSE,
68039-49-6,Dimethylcyclohex-3-ene-1-carbaldehyde (mixed isomers),0.45,0.14,2.7,2.5,0.64,0.64,0.64,0.64,1.5,5.2,5.2,0.27,4.9,18.0,18.0,9.8,9.8,,FALSE,FALSE,
68039-48-5,Dimethylcyclohex-3-ene-1-carbaldehyde (mixed isomers),0.45,0.14,2.7,2.5,0.64,0.64,0.64,0.64,1.5,5.2,5.2,0.27,4.9,18.0,18.0,9.8,9.8,,FALSE,FALSE,
27939-60-2,Dimethylcyclohex-3-ene-1-carbaldehyde (mixed isomers),0.45,0.14,2.7,2.5,0.64,0.64,0.64,0.64,1.5,5.2,5.2,0.27,4.9,18.0,18.0,9.8,9.8,,FALSE,FALSE,
67801-65-4,Dimethylcyclohex-3-ene-1-carbaldehyde (mixed isomers),0.45,0.14,2.7,2.5,0.64,0.64,0.64,0.64,1.5,5.2,5.2,0.27,4.9,18.0,18.0,9.8,9.8,,FALSE,FALSE,
36635-35-5,Dimethylcyclohex-3-ene-1-carbaldehyde (mixed isomers),0.45,0.14,2.7,2.5,0.64,0.64,0.64,0.64,1.5,5.2,5.2,0.27,4.9,18.0,18.0,9.8,9.8,,FALSE,FALSE,
68084-52-6,Dimethylcyclohex-3-ene-1-carbaldehyde (mixed isomers),0.45,0.14,2.7,2.5,0.64,0.64,0.64,0.64,1.5,5.2,5.2,0.27,4.9,18.0,18.0,9.8,9.8,,FALSE,FALSE,
35145-02-9,Dimethylcyclohex-3-ene-1-carbaldehyde (mixed isomers),0.45,0.14,2.7,2.5,0.64,0.64,0.64,0.64,1.5,5.2,5.2,0.27,4.9,18.0,18.0,9.8,9.8,,FALSE,FALSE,
56973-85-4,"1-(5,5-Dimethyl-1-cyclohexen-1-yl)pent-4-en-1-one",0.19,0.057,0.18,1.1,0.27,0.27,0.27,0.091,0.54,0.54,0.54,0.091,1.4,1.4,3.4,0.091,0.091,,FALSE,FALSE,
103694-68-4,"2,2-Dimethyl-3-(3-tolyl)propan-1-ol",0.034,0.2,0.025,1.7,0.43,0.061,0.039,0.013,0.0025,0.052,0.052,0.013,0.14,0.14,0.3,0.013,0.013,8.6,FALSE,TRUE,
2563-07-7,2-Ethoxy-4-methylphenol,0.0087,0.0053,0.017,0.099,0.025,0.017,0.025,0.0058,0.0087,0.044,0.044,0.0058,0.052,0.052,0.052,0.0058,0.0058,4.2,FALSE,FALSE,
4748-78-1,p-Ethylbenzaldehyde,0.085,0.025,0.51,0.47,0.12,0.12,0.12,0.04,0.28,0.96,0.96,0.04,0.92,0.92,3.3,0.04,0.04,,FALSE,FALSE,
97-53-0,Eugenol,0.45,0.14,1.0,2.5,0.64,0.64,0.64,0.21,1.5,2.0,2.0,0.21,4.9,4.0,18.0,0.21,0.21,,TRUE,TRUE,
4602-84-0,Farnesol,0.21,0.062,1.2,1.2,0.29,0.29,0.29,0.29,0.68,2.4,2.4,0.12,2.3,8.1,8.1,4.5,4.5,,TRUE,TRUE,
106-28-5,Farnesol,0.21,0.062,1.2,1.2,0.29,0.29,0.29,0.29,0.68,2.4,2.4,0.12,2.3,8.1,8.1,4.5,4.5,,FALSE,FALSE,
3790-71-4,Farnesol,0.21,0.062,1.2,1.2,0.29,0.29,0.29,0.29,0.68,2.4,2.4,0.12,2.3,8.1,8.1,4.5,4.5,,FALSE,FALSE,
16106-95-9,Farnesol,0.21,0.062,1.2,1.2,0.29,0.29,0.29,0.29,0.68,2.4,2.4,0.12,2.3,8.1,8.1,4.5,4.5,,FALSE,FALSE,
3879-60-5,Farnesol,0.21,0.062,1.2,1.2,0.29,0.29,0.29,0.29,0.68,2.4,2.4,0.12,2.3,8.1,8.1,4.5,4.5,,FALSE,FALSE,
106-24-1,Geraniol,0.78,0.25,1.1,4.7,1.2,0.78,0.94,0.26,0.16,0.78,0.78,0.26,2.8,1.1,5.3,0.26,0.26,,TRUE,TRUE,
39189-74-7,2-Heptylidene cyclopentan-1-one,0.077,0.023,0.46,0.43,0.11,0.11,0.11,0.11,0.25,0.88,0.88,0.045,0.84,3.0,3.0,1.7,1.7,,FALSE,FALSE,
505-57-7,2-Hexenal,0.0014,0.00041,0.0083,0.0077,0.002,0.002,0.002,0.00067,0.0045,0.016,0.016,0.00067,0.015,0.054,0.054,0.00067,0.00067,,FALSE,FALSE,
6728-26-3,2-Hexenal,0.0014,0.00041,0.0083,0.0077,0.002,0.002,0.002,0.00067,0.0045,0.016,0.016,0.00067,0.015,0.054,0.054,0.00067,0.00067,,FALSE,FALSE,
16635-54-4,2-Hexenal,0.0014,0.00041,0.0083,0.0077,0.002,0.002,0.002,0.00067,0.0045,0.016,0.016,0.00067,0.015,0.054,0.054,0.00067,0.00067,,FALSE,FALSE,
101-86-0,alpha-Hexyl cinnamic aldehyde,1.8,0.53,11.0,9.9,2.5,2.5,2.5,2.5,5.8,20.0,20.0,1.0,19.0,69.0,69.0,38.0,38.0,,TRUE,TRUE,
17373-89-6,alpha-Hexylidene cyclopentanone,0.023,0.0069,0.14,0.13,0.033,0.033,0.033,0.033,0.076,0.26,0.26,0.014,0.25,0.9,0.9,0.5,0.5,,FALSE,FALSE,
6259-76-3,Hexyl salicylate,0.092,0.8,0.25,6.5,2.7,0.3,0.46,0.1,0.0092,0.38,0.38,0.1,1.2,1.2,2.2,0.1,0.1,64.0,FALSE,FALSE,
107-75-5,Hydroxycitronellal,0.38,0.11,2.3,2.1,0.53,0.53,0.53,0.18,1.2,1.6,1.6,0.18,4.1,0.78,7.8,0.18,0.18,,TRUE,TRUE,
31906-04-4,3 and 4-(4-Hydroxy-4-methylpentyl)-3-cyclohexene-1-carboxaldehyde (HMPCC),0.02,0.02,0.1,0.2,0.2,0.2,0.2,0.067,0.2,0.02,0.02,0.067,0.2,0.2,0.2,0.067,0.067,91.0,TRUE,TRUE,
51414-25-6,3 and 4-(4-Hydroxy-4-methylpentyl)-3-cyclohexene-1-carboxaldehyde (HMPCC),0.02,0.02,0.1,0.2,0.2,0.2,0.2,0.067,0.2,0.02,0.02,0.067,0.2,0.2,0.2,0.067,0.067,91.0,TRUE,TRUE,
6658-48-6,p-Isobutyl-alpha-methyl hydrocinnamaldehyde,0.08,0.053,0.8,0.99,0.25,0.25,0.25,0.083,0.08,0.72,0.72,0.083,1.9,1.9,5.4,0.083,0.083,,FALSE,FALSE,
1335-66-6,Isocyclocitral,0.54,0.16,3.2,3.0,0.76,0.76,0.76,0.76,1.8,6.1,6.1,0.32,5.9,21.0,21.0,12.0,12.0,,FALSE,FALSE,
1423-46-7,Isocyclocitral,0.54,0.16,3.2,3.0,0.76,0.76,0.76,0.76,1.8,6.1,6.1,0.32,5.9,21.0,21.0,12.0,12.0,,FALSE,FALSE,
67634-07-5,Isocyclocitral,0.54,0.16,3.2,3.0,0.76,0.76,0.76,0.76,1.8,6.1,6.1,0.32,5.9,21.0,21.0,12.0,12.0,,FALSE,FALSE,
68527-77-5,Isocyclogeraniol,0.29,0.087,1.8,1.6,0.41,0.41,0.41,0.41,0.96,3.3,3.3,0.17,3.2,11.0,11.0,6.3,6.3,,FALSE,FALSE,
97-54-1,Isoeugenol,0.019,0.0057,0.12,0.11,0.027,0.027,0.027,0.009,0.063,0.22,0.22,0.009,0.21,0.21,0.75,0.009,0.009,,TRUE,TRUE,
5932-68-3,Isoeugenol,0.019,0.0057,0.12,0.11,0.027,0.027,0.027,0.009,0.063,0.22,0.22,0.009,0.21,0.21,0.75,0.009,0.009,,TRUE,TRUE,
8022-96-6,Jasmine absolute (grandiflorum),0.11,0.032,0.65,0.6,0.15,0.15,0.15,0.15,0.35,1.2,1.2,0.063,1.2,4.2,4.2,2.3,2.3,,FALSE,TRUE,Jasmine Oil/Extract
8024-43-9,Jasmine absolute (grandiflorum),0.11,0.032,0.65,0.6,0.15,0.15,0.15,0.15,0.35,1.2,1.2,0.063,1.2,4.2,4.2,2.3,2.3,,FALSE,TRUE,Jasmine Oil/Extract
90045-94-6,Jasmine absolute (grandiflorum),0.11,0.032,0.65,0.6,0.15,0.15,0.15,0.15,0.35,1.2,1.2,0.063,1.2,4.2,4.2,2.3,2.3,,FALSE,TRUE,Jasmine Oil/Extract
84776-64-7,Jasmine absolute (grandiflorum),0.11,0.032,0.65,0.6,0.15,0.15,0.15,0.15,0.35,1.2,1.2,0.063,1.2,4.2,4.2,2.3,2.3,,FALSE,TRUE,Jasmine Oil/Extract
91770-14-8,Jasmine absolute (sambac),0.68,0.2,4.1,3.8,0.96,0.96,0.96,0.96,2.2,7.7,7.7,0.4,7.4,26.0,26.0,15.0,15.0,,FALSE,FALSE,
1034798-23-6,Jasmine absolute (sambac),0.68,0.2,4.1,3.8,0.96,0.96,0.96,0.96,2.2,7.7,7.7,0.4,7.4,26.0,26.0,15.0,15.0,,FALSE,FALSE,
8014-71-9,Melissa oil (genuine Melissa officinalis L.),0.11,0.032,0.65,0.6,0.15,0.15,0.15,0.15,0.35,1.2,1.2,0.063,1.2,4.2,4.2,2.3,2.3,,FALSE,FALSE,
84082-61-1,Melissa oil (genuine Melissa officinalis L.),0.11,0.032,0.65,0.6,0.15,0.15,0.15,0.15,0.35,1.2,1.2,0.063,1.2,4.2,4.2,2.3,2.3,,FALSE,FALSE,
2111-75-3,Perilla aldehyde,0.054,0.016,0.32,0.3,0.076,0.076,0.076,0.076,0.18,0.61,0.61,0.032,0.59,2.1,2.1,1.2,1.2,,FALSE,FALSE,
68683-20-5,Menthadiene-7-methyl formate,0.077,0.023,0.46,0.43,0.11,0.11,0.11,0.11,0.25,0.88,0.88,0.045,0.84,3.0,3.0,1.7,1.7,,FALSE,FALSE,
123-11-5,p-Methoxybenzaldehyde,0.23,0.08,0.14,1.4,0.38,0.093,0.14,0.031,0.047,0.14,0.14,0.031,0.42,0.19,1.1,0.031,0.031,31.0,FALSE,FALSE,
1504-74-1,o-Methoxycinnamaldehyde,0.077,0.023,0.46,0.43,0.11,0.11,0.11,0.11,0.25,0.88,0.88,0.045,0.84,3.0,3.0,1.7,1.7,,FALSE,FALSE,
86803-90-9,Methoxy dicyclopentadiene carboxaldehyde,0.19,0.057,1.2,1.1,0.27,0.27,0.27,0.091,0.63,2.2,2.2,0.091,2.1,2.1,7.5,0.091,0.091,,FALSE,FALSE,
5462-06-6,4-Methoxy-alpha-methylbenzenepropanal,0.11,0.14,0.75,2.5,0.64,0.64,0.64,0.21,0.11,0.86,0.86,0.21,2.7,0.75,4.1,0.21,0.21,,FALSE,FALSE,
93-51-6,2-Methoxy-4-methylphenol,0.0085,0.0025,0.051,0.047,0.012,0.012,0.012,0.012,0.028,0.096,0.096,0.005,0.092,0.33,0.33,0.18,0.18,,FALSE,FALSE,
1205-17-0,"alpha-Methyl-1,3-benzodioxole-5-propionaldehyde (MMDHCA)",0.12,0.25,0.039,2.6,0.39,0.077,0.077,0.026,0.62,0.077,0.077,0.026,0.15,0.15,0.62,0.026,0.026,12.0,FALSE,FALSE,
101-39-3,alpha-Methyl cinnamic aldehyde,0.27,0.08,1.6,1.5,0.38,0.38,0.38,0.38,0.88,3.1,3.1,0.16,2.9,11.0,11.0,5.8,5.8,,FALSE,FALSE,
1604-28-0,"6-Methyl-3,5-heptadien-2-one",0.0085,0.0025,0.051,0.047,0.012,0.012,0.012,0.012,0.028,0.096,0.096,0.005,0.092,0.33,0.33,0.18,0.18,,FALSE,FALSE,
111-12-6,Methyl heptine carbonate,0.0085,0.0025,0.051,0.047,0.012,0.012,0.012,0.012,0.028,0.096,0.096,0.005,0.092,0.33,0.33,0.18,0.18,,TRUE,TRUE,
1335-46-2,"Methyl ionone, mixed isomers",5.4,1.6,32.0,30.0,7.6,7.6,7.6,7.6,18.0,61.0,61.0,3.2,59.0,100.0,100.0,100.0,100.0,,FALSE,FALSE,
127-42-4,"Methyl ionone, mixed isomers",5.4,1.6,32.0,30.0,7.6,7.6,7.6,7.6,18.0,61.0,61.0,3.2,59.0,100.0,100.0,100.0,100.0,,FALSE,FALSE,
127-43-5,"Methyl ionone, mixed isomers",5.4,1.6,32.0,30.0,7.6,7.6,7.6,7.6,18.0,61.0,61.0,3.2,59.0,100.0,100.0,100.0,100.0,,FALSE,FALSE,
127-51-5,"Methyl ionone, mixed isomers",5.4,1.6,32.0,30.0,7.6,7.6,7.6,7.6,18.0,61.0,61.0,3.2,59.0,100.0,100.0,100.0,100.0,,TRUE,TRUE,
7779-30-8,"Methyl ionone, mixed isomers",5.4,1.6,32.0,30.0,7.6,7.6,7.6,7.6,18.0,61.0,61.0,3.2,59.0,100.0,100.0,100.0,100.0,,FALSE,FALSE,
79-89-0,"Methyl ionone, mixed isomers",5.4,1.6,32.0,30.0,7.6,7.6,7.6,7.6,18.0,61.0,61.0,3.2,59.0,100.0,100.0,100.0,100.0,,FALSE,FALSE,
1335-94-0,"Methyl ionone, mixed isomers",5.4,1.6,32.0,30.0,7.6,7.6,7.6,7.6,18.0,61.0,61.0,3.2,59.0,100.0,100.0,100.0,100.0,,FALSE,FALSE,
111-80-8,Methyl octine carbonate,0.0018,0.00055,0.011,0.01,0.0026,0.0026,0.0026,0.0026,0.0061,0.021,0.021,0.0011,0.02,0.072,0.072,0.04,0.04,,FALSE,FALSE,
68922-13-4,3-Methyl-2-(pentyloxy)cyclopent-2-en-1-one,0.085,0.025,0.51,0.47,0.12,0.12,0.12,0.12,0.28,0.96,0.96,0.05,0.92,3.3,3.3,1.8,1.8,,FALSE,FALSE,
13257-44-8,2-Nonyn-1-al dimethyl acetal,1.8,0.53,11.0,9.9,2.5,2.5,2.5,2.5,5.8,20.0,20.0,1.0,19.0,69.0,69.0,38.0,38.0,,FALSE,FALSE,
90028-68-5,Oakmoss extracts,0.02,0.016,0.1,0.1,0.076,0.076,0.076,0.076,0.18,0.1,0.1,0.032,0.1,0.1,0.1,0.1,0.1,,TRUE,TRUE,
68917-10-2,Oakmoss extracts,0.02,0.016,0.1,0.1,0.076,0.076,0.076,0.076,0.18,0.1,0.1,0.032,0.1,0.1,0.1,0.1,0.1,,FALSE,FALSE,
9000-50-4,Oakmoss extracts,0.02,0.016,0.1,0.1,0.076,0.076,0.076,0.076,0.18,0.1,0.1,0.032,0.1,0.1,0.1,0.1,0.1,,FALSE,FALSE,
54464-57-2,"1-(1,2,3,4,5,6,7,8 Octahydro-2,3,8,8-tetramethyl-2-naphthalenyl) ethanone (OTNE)",0.41,1.1,0.41,20.0,5.1,0.56,0.76,0.19,0.0093,0.67,0.67,0.19,2.4,2.4,6.6,0.19,0.19,,FALSE,TRUE,
54464-59-4,"1-(1,2,3,4,5,6,7,8 Octahydro-2,3,8,8-tetramethyl-2-naphthalenyl) ethanone (OTNE)",0.41,1.1,0.41,20.0,5.1,0.56,0.76,0.19,0.0093,0.67,0.67,0.19,2.4,2.4,6.6,0.19,0.19,,FALSE,TRUE,
68155-66-8,"1-(1,2,3,4,5,6,7,8 Octahydro-2,3,8,8-tetramethyl-2-naphthalenyl) ethanone (OTNE)",0.41,1.1,0.41,20.0,5.1,0.56,0.76,0.19,0.0093,0.67,0.67,0.19,2.4,2.4,6.6,0.19,0.19,,FALSE,TRUE,
68155-67-9,"1-(1,2,3,4,5,6,7,8 Octahydro-2,3,8,8-tetramethyl-2-naphthalenyl) ethanone (OTNE)",0.41,1.1,0.41,20.0,5.1,0.56,0.76,0.19,0.0093,0.67,0.67,0.19,2.4,2.4,6.6,0.19,0.19,,FALSE,TRUE,
2442-10-6,1-Octen-3-yl acetate,0.27,0.08,1.6,1.5,0.38,0.38,0.38,0.38,0.88,3.1,3.1,0.16,2.9,11.0,11.0,5.8,5.8,,FALSE,FALSE,
8021-36-1,Opoponax,0.077,0.023,0.46,0.43,0.11,0.11,0.11,0.11,0.25,0.88,0.88,0.045,0.84,3.0,3.0,1.7,1.7,,FALSE,FALSE,
9000-78-6,Opoponax,0.077,0.023,0.46,0.43,0.11,0.11,0.11,0.11,0.25,0.88,0.88,0.045,0.84,3.0,3.0,1.7,1.7,,FALSE,FALSE,
93384-32-8,Opoponax,0.077,0.023,0.46,0.43,0.11,0.11,0.11,0.11,0.25,0.88,0.88,0.045,0.84,3.0,3.0,1.7,1.7,,FALSE,FALSE,
8007-00-9,Peru balsam,0.073,0.022,0.44,0.41,0.1,0.1,0.1,0.034,0.24,0.83,0.83,0.034,0.8,0.8,2.9,0.034,0.034,,FALSE,TRUE,Myroxylon Pereirae Oil/Extract
13144-88-2,"1-(2,4,4,5,5-Pentamethyl-1-cyclopenten-1-yl)ethan-1-one",0.077,0.023,0.46,0.43,0.11,0.11,0.11,0.11,0.25,0.88,0.88,0.045,0.84,3.0,3.0,1.7,1.7,,FALSE,FALSE,
122-78-1,Phenylacetaldehyde,0.045,0.014,0.27,0.25,0.064,0.064,0.064,0.021,0.15,0.52,0.52,0.021,0.49,0.49,1.8,0.021,0.021,,FALSE,FALSE,
16251-77-7,3-Phenylbutanal,0.17,0.069,0.023,0.44,0.24,0.023,0.034,0.0076,0.011,0.023,0.023,0.0076,0.08,0.08,0.36,0.0076,0.0076,9.6,FALSE,FALSE,
93-53-8,2-Phenylpropionaldehyde,0.029,0.0087,0.096,0.16,0.041,0.041,0.041,0.014,0.096,0.19,0.19,0.014,0.32,0.32,0.77,0.014,0.014,31.0,FALSE,FALSE,
1340-11-0,2-Phenylpropionaldehyde,0.029,0.0087,0.096,0.16,0.041,0.041,0.041,0.014,0.096,0.19,0.19,0.014,0.32,0.32,0.77,0.014,0.014,31.0,FALSE,FALSE,
34713-70-7,2-Phenylpropionaldehyde,0.029,0.0087,0.096,0.16,0.041,0.041,0.041,0.014,0.096,0.19,0.19,0.014,0.32,0.32,0.77,0.014,0.014,31.0,FALSE,FALSE,
17369-59-4,3-Propylidenephthalide,0.072,0.022,0.43,0.4,0.1,0.1,0.1,0.1,0.24,0.82,0.82,0.042,0.79,2.8,2.8,1.6,1.6,,FALSE,TRUE,
23696-85-7,Rose ketones,0.0077,0.0023,0.046,0.043,0.011,0.011,0.011,0.011,0.025,0.088,0.088,0.0045,0.084,0.3,0.3,0.17,0.17,,FALSE,TRUE,Rose Ketones
23726-93-4,Rose ketones,0.0077,0.0023,0.046,0.043,0.011,0.011,0.011,0.011,0.025,0.088,0.088,0.0045,0.084,0.3,0.3,0.17,0.17,,FALSE,FALSE,
59739-63-8,Rose ketones,0.0077,0.0023,0.046,0.043,0.011,0.011,0.011,0.011,0.025,0.088,0.088,0.0045,0.084,0.3,0.3,0.17,0.17,,FALSE,FALSE,
43052-87-5,Rose ketones,0.0077,0.0023,0.046,0.043,0.011,0.011,0.011,0.011,0.025,0.088,0.088,0.0045,0.084,0.3,0.3,0.17,0.17,,FALSE,TRUE,Rose Ketones
24720-09-0,Rose ketones,0.0077,0.0023,0.046,0.043,0.011,0.011,0.011,0.011,0.025,0.088,0.088,0.0045,0.084,0.3,0.3,0.17,0.17,,FALSE,TRUE,Rose Ketones
23726-94-5,Rose ketones,0.0077,0.0023,0.046,0.043,0.011,0.011,0.011,0.011,0.025,0.088,0.088,0.0045,0.084,0.3,0.3,0.17,0.17,,FALSE,TRUE,Rose Ketones
23726-92-3,Rose ketones,0.0077,0.0023,0.046,0.043,0.011,0.011,0.011,0.011,0.025,0.088,0.088,0.0045,0.084,0.3,0.3,0.17,0.17,,FALSE,TRUE,Rose Ketones
23726-91-2,Rose ketones,0.0077,0.0023,0.046,0.043,0.011,0.011,0.011,0.011,0.025,0.088,0.088,0.0045,0.084,0.3,0.3,0.17,0.17,,FALSE,TRUE,Rose Ketones
35044-68-9,Rose ketones,0.0077,0.0023,0.046,0.043,0.011,0.011,0.011,0.011,0.025,0.088,0.088,0.0045,0.084,0.3,0.3,0.17,0.17,,FALSE,FALSE,
57378-68-4,Rose ketones,0.0077,0.0023,0.046,0.043,0.011,0.011,0.011,0.011,0.025,0.088,0.088,0.0045,0.084,0.3,0.3,0.17,0.17,,FALSE,TRUE,Rose Ketones
71048-82-3,Rose ketones,0.0077,0.0023,0.046,0.043,0.011,0.011,0.011,0.011,0.025,0.088,0.088,0.0045,0.084,0.3,0.3,0.17,0.17,,FALSE,TRUE,Rose Ketones
35087-49-1,Rose ketones,0.0077,0.0023,0.046,0.043,0.011,0.011,0.011,0.011,0.025,0.088,0.088,0.0045,0.084,0.3,0.3,0.17,0.17,,FALSE,FALSE,
39872-57-6,Rose ketones,0.0077,0.0023,0.046,0.043,0.011,0.011,0.011,0.011,0.025,0.088,0.088,0.0045,0.084,0.3,0.3,0.17,0.17,,FALSE,FALSE,
70266-48-7,Rose ketones,0.0077,0.0023,0.046,0.043,0.011,0.011,0.011,0.011,0.025,0.088,0.088,0.0045,0.084,0.3,0.3,0.17,0.17,,FALSE,FALSE,
33673-71-1,Rose ketones,0.0077,0.0023,0.046,0.043,0.011,0.011,0.011,0.011,0.025,0.088,0.088,0.0045,0.084,0.3,0.3,0.17,0.17,,FALSE,FALSE,
87064-19-5,Rose ketones,0.0077,0.0023,0.046,0.043,0.011,0.011,0.011,0.011,0.025,0.088,0.088,0.0045,0.084,0.3,0.3,0.17,0.17,,FALSE,FALSE,
8046-19-3,Styrax,0.12,0.034,0.69,0.64,0.16,0.16,0.16,0.16,0.38,1.3,1.3,0.068,1.3,4.5,4.5,2.5,2.5,,FALSE,FALSE,
8024-01-9,Styrax,0.12,0.034,0.69,0.64,0.16,0.16,0.16,0.16,0.38,1.3,1.3,0.068,1.3,4.5,4.5,2.5,2.5,,FALSE,FALSE,
94891-27-7,Styrax,0.12,0.034,0.69,0.64,0.16,0.16,0.16,0.16,0.38,1.3,1.3,0.068,1.3,4.5,4.5,2.5,2.5,,FALSE,FALSE,
94891-28-8,Styrax,0.12,0.034,0.69,0.64,0.16,0.16,0.16,0.16,0.38,1.3,1.3,0.068,1.3,4.5,4.5,2.5,2.5,,FALSE,FALSE,
101227-15-0,Styrax,0.12,0.034,0.69,0.64,0.16,0.16,0.16,0.16,0.38,1.3,1.3,0.068,1.3,4.5,4.5,2.5,2.5,,FALSE,FALSE,
84650-60-2,Tea leaf absolute,0.037,0.011,0.22,0.21,0.052,0.052,0.052,0.052,0.12,0.42,0.42,0.022,0.4,1.4,1.4,0.8,0.8,,FALSE,FALSE,
90028-67-4,Treemoss extracts,0.02,0.016,0.1,0.1,0.076,0.076,0.076,0.076,0.18,0.1,0.1,0.032,0.1,0.1,0.1,0.1,0.1,,TRUE,TRUE,
68648-41-9,Treemoss extracts,0.02,0.016,0.1,0.1,0.076,0.076,0.076,0.076,0.18,0.1,0.1,0.032,0.1,0.1,0.1,0.1,0.1,,FALSE,FALSE,
68917-40-8,Treemoss extracts,0.02,0.016,0.1,0.1,0.076,0.076,0.076,0.076,0.18,0.1,0.1,0.032,0.1,0.1,0.1,0.1,0.1,,FALSE,FALSE,
529-20-4,"o,m,p-Tolualdehydes and their mixtures",0.085,0.025,0.51,0.47,0.12,0.12,0.12,0.12,0.28,0.96,0.96,0.05,0.92,3.3,3.3,1.8,1.8,,FALSE,FALSE,
620-23-5,"o,m,p-Tolualdehydes and their mixtures",0.085,0.025,0.51,0.47,0.12,0.12,0.12,0.12,0.28,0.96,0.96,0.05,0.92,3.3,3.3,1.8,1.8,,FALSE,FALSE,
104-87-0,"o,m,p-Tolualdehydes and their mixtures",0.085,0.025,0.51,0.47,0.12,0.12,0.12,0.12,0.28,0.96,0.96,0.05,0.92,3.3,3.3,1.8,1.8,,FALSE,FALSE,
1334-78-7,"o,m,p-Tolualdehydes and their mixtures",0.085,0.025,0.51,0.47,0.12,0.12,0.12,0.12,0.28,0.96,0.96,0.05,0.92,3.3,3.3,1.8,1.8,,FALSE,FALSE,
116-26-7,"2,6,6-Trimethylcyclohex-1,3-dienyl methanal",0.0022,0.00066,0.013,0.012,0.0032,0.0032,0.0032,0.0032,0.0073,0.025,0.025,0.0013,0.024,0.087,0.087,0.048,0.048,,FALSE,FALSE,
8024-12-2,Verbena oil and absolute (Lippia citriodora Kunth.),0.12,0.037,0.74,0.69,0.17,0.17,0.17,0.17,0.4,1.4,1.4,0.072,1.3,4.8,4.8,2.7,2.7,,FALSE,TRUE,
85116-63-8,Verbena oil and absolute (Lippia citriodora Kunth.),0.12,0.037,0.74,0.69,0.17,0.17,0.17,0.17,0.4,1.4,1.4,0.072,1.3,4.8,4.8,2.7,2.7,,FALSE,TRUE,
8006-81-3,Ylang ylang extracts,0.13,0.039,0.78,0.73,0.18,0.18,0.18,0.18,0.43,1.5,1.5,0.077,1.4,5.1,5.1,2.8,2.8,,FALSE,TRUE,Cananga Odorata Oil/Extract
68606-83-7,Ylang ylang extracts,0.13,0.039,0.78,0.73,0.18,0.18,0.18,0.18,0.43,1.5,1.5,0.077,1.4,5.1,5.1,2.8,2.8,,FALSE,TRUE,Cananga Odorata Oil/Extract
83863-30-3,Ylang ylang extracts,0.13,0.039,0.78,0.73,0.18,0.18,0.18,0.18,0.43,1.5,1.5,0.077,1.4,5.1,5.1,2.8,2.8,,FALSE,TRUE,Cananga Odorata Oil/Extract
15323-35-0,Acetyl hexamethyl indan (AHMI),2.0,2.0,2.0,2.0,2.0,2.0,2.0,2.0,2.0,,2.0,2.0,,,2.0,,2.0,,FALSE,FALSE,
8015-64-3,Angelica root oil,0.8,0.8,0.8,0.8,0.8,0.8,0.8,0.8,0.8,,0.8,0.8,,,0.8,,0.8,,FALSE,FALSE,
84775-41-7,Angelica root oil,0.8,0.8,0.8,0.8,0.8,0.8,0.8,0.8,0.8,,0.8,0.8,,,0.8,,0.8,,FALSE,FALSE,
8007-75-8,Bergamot oil expressed,0.4,0.4,0.4,0.4,0.4,0.4,0.4,0.4,0.4,,0.4,0.4,,,0.4,,0.4,,FALSE,TRUE,
89957-91-5,Bergamot oil expressed,0.4,0.4,0.4,0.4,0.4,0.4,0.4,0.4,0.4,,0.4,0.4,,,0.4,,0.4,,FALSE,TRUE,
68916-04-1,Bitter orange peel oil expressed,1.25,1.25,1.25,1.25,1.25,1.25,1.25,1.25,1.25,,1.25,1.25,,,1.25,,1.25,,FALSE,TRUE,Citrus Aurantium Peel Oil
72968-50-4,Bitter orange peel oil expressed,1.25,1.25,1.25,1.25,1.25,1.25,1.25,1.25,1.25,,1.25,1.25,,,1.25,,1.25,,FALSE,TRUE,Citrus Aurantium Flower Oil* / Citrus Aurantium Peel Oil*
8014-13-9,Cumin oil,0.4,0.4,0.4,0.4,0.4,0.4,0.4,0.4,0.4,,0.4,0.4,,,0.4,,0.4,,FALSE,FALSE,
84775-51-9,Cumin oil,0.4,0.4,0.4,0.4,0.4,0.4,0.4,0.4,0.4,,0.4,0.4,,,0.4,,0.4,,FALSE,FALSE,
8016-20-4,Grapefruit oil expressed,4.0,4.0,4.0,4.0,4.0,4.0,4.0,4.0,4.0,,4.0,4.0,,,4.0,,4.0,,FALSE,FALSE,
90045-43-5,Grapefruit oil expressed,4.0,4.0,4.0,4.0,4.0,4.0,4.0,4.0,4.0,,4.0,4.0,,,4.0,,4.0,,FALSE,FALSE,
8008-56-8,Lemon oil cold pressed,2.0,2.0,2.0,2.0,2.0,2.0,2.0,2.0,2.0,,2.0,2.0,,,2.0,,2.0,,FALSE,TRUE,
84929-31-7,Lemon oil cold pressed,2.0,2.0,2.0,2.0,2.0,2.0,2.0,2.0,2.0,,2.0,2.0,,,2.0,,2.0,,FALSE,TRUE,
8008-26-2,Lime oil expressed,0.7,0.7,0.7,0.7,0.7,0.7,0.7,0.7,0.7,,0.7,0.7,,,0.7,,0.7,,FALSE,FALSE,
90063-52-8,Lime oil expressed,0.7,0.7,0.7,0.7,0.7,0.7,0.7,0.7,0.7,,0.7,0.7,,,0.7,,0.7,,FALSE,FALSE,
85-91-6,Methyl N-methylanthranilate,0.1,0.1,0.1,0.1,0.1,0.1,0.1,0.1,0.5,0.5,0.1,0.1,0.5,0.5,0.1,,0.1,,FALSE,FALSE,
93-08-3,Methyl beta-naphthyl ketone,0.2,0.2,0.2,0.2,0.2,0.2,0.2,0.2,0.2,,0.2,0.2,,,0.2,,0.2,,FALSE,FALSE,
8014-29-7,Rue oil,0.15,0.15,0.15,0.15,0.15,0.15,0.15,0.15,0.15,,0.15,0.15,,,0.15,,0.15,,FALSE,FALSE,
84929-47-5,Rue oil,0.15,0.15,0.15,0.15,0.15,0.15,0.15,0.15,0.15,,0.15,0.15,,,0.15,,0.15,,FALSE,FALSE,
90131-43-4,Tagetes oil and absolute,0.01,0.01,0.01,0.01,0.01,0.01,0.01,0.01,0.1,0.1,0.01,0.01,0.1,0.1,0.01,,0.01,,FALSE,FALSE,
8016-84-0,Tagetes oil and absolute,0.01,0.01,0.01,0.01,0.01,0.01,0.01,0.01,0.1,0.1,0.01,0.01,0.1,0.1,0.01,,0.01,,FALSE,FALSE,
91722-29-1,Tagetes oil and absolute,0.01,0.01,0.01,0.01,0.01,0.01,0.01,0.01,0.1,0.1,0.01,0.01,0.1,0.1,0.01,,0.01,,FALSE,FALSE,
91770-75-1,Tagetes oil and absolute,0.01,0.01,0.01,0.01,0.01,0.01,0.01,0.01,0.1,0.1,0.01,0.01,0.1,0.1,0.01,,0.01,,FALSE,FALSE,
98-01-1,Furfural,0.001,0.001,0.001,0.001,0.001,0.001,0.001,0.001,0.001,0.001,0.001,0.001,0.001,0.001,0.001,0.001,0.001,0.05,FALSE,FALSE,
140-67-0,Estragole,0.00031,0.0025,0.00063,0.014,0.0022,0.00063,0.00063,0.00021,0.0019,0.00063,0.00063,0.00021,0.0041,0.00094,0.0022,0.00021,0.00021,0.11,FALSE,FALSE,
1407-27-8,Estragole,0.00031,0.0025,0.00063,0.014,0.0022,0.00063,0.00063,0.00021,0.0019,0.00063,0.00063,0.00021,0.0041,0.00094,0.0022,0.00021,0.00021,0.11,FALSE,FALSE,
77525-18-9,Estragole,0.00031,0.0025,0.00063,0.014,0.0022,0.00063,0.00063,0.00021,0.0019,0.00063,0.00063,0.00021,0.0041,0.00094,0.0022,0.00021,0.00021,0.11,FALSE,FALSE,
93-15-2,Methyl eugenol,0.00042,0.0015,0.00042,0.011,0.0015,0.00021,0.00042,6.9e-05,0.001,0.00042,0.00042,6.9e-05,0.0017,0.00062,0.0021,6.9e-05,6.9e-05,0.066,FALSE,FALSE,
41270-80-8,Methyl N-formylanthranilate,0.1,0.1,0.1,0.1,0.1,0.1,0.1,0.1,0.1,,0.1,0.1,,,0.1,,0.1,,FALSE,FALSE,
546-80-5,Thujone,0.11,0.21,0.032,1.4,0.095,0.032,0.016,0.0053,0.095,0.24,0.24,0.0053,0.13,0.13,0.22,0.0053,0.0053,9.5,FALSE,FALSE,
471-15-8,Thujone,0.11,0.21,0.032,1.4,0.095,0.032,0.016,0.0053,0.095,0.24,0.24,0.0053,0.13,0.13,0.22,0.0053,0.0053,9.5,FALSE,FALSE,
76231-76-0,Thujone,0.11,0.21,0.032,1.4,0.095,0.032,0.016,0.0053,0.095,0.24,0.24,0.0053,0.13,0.13,0.22,0.0053,0.0053,9.5,FALSE,FALSE,
1125-12-8,Thujone,0.11,0.21,0.032,1.4,0.095,0.032,0.016,0.0053,0.095,0.24,0.24,0.0053,0.13,0.13,0.22,0.0053,0.0053,9.5,FALSE,FALSE,
88-29-9,Acetyl ethyl tetramethyl tetralin (AETT),0.0,0.0,0.0,0.0,0.0,0.0,0.0,0.0,0.0,0.0,0.0,0.0,0.0,0.0,0.0,0.0,0.0,0.0,FALSE,FALSE,
13706-86-0,Acetyl isovaleryl,0.0,0.0,0.0,0.0,0.0,0.0,0.0,0.0,0.0,0.0,0.0,0.0,0.0,0.0,0.0,0.0,0.0,0.0,FALSE,FALSE,
84012-20-4,Alantroot oil,0.0,0.0,0.0,0.0,0.0,0.0,0.0,0.0,0.0,0.0,0.0,0.0,0.0,0.0,0.0,0.0,0.0,0.0,FALSE,FALSE,
97676-35-2,Alantroot oil,0.0,0.0,0.0,0.0,0.0,0.0,0.0,0.0,0.0,0.0,0.0,0.0,0.0,0.0,0.0,0.0,0.0,0.0,FALSE,FALSE,
73157-43-4,Allyl heptine carbonate,0.0,0.0,0.0,0.0,0.0,0.0,0.0,0.0,0.0,0.0,0.0,0.0,0.0,0.0,0.0,0.0,0.0,0.0,FALSE,FALSE,
57-06-7,Allyl isothiocyanate,0.0,0.0,0.0,0.0,0.0,0.0,0.0,0.0,0.0,0.0,0.0,0.0,0.0,0.0,0.0,0.0,0.0,0.0,FALSE,FALSE,
25564-22-1,Amylcyclopentenone,0.0,0.0,0.0,0.0,0.0,0.0,0.0,0.0,0.0,0.0,0.0,0.0,0.0,0.0,0.0,0.0,0.0,0.0,FALSE,FALSE,
943-88-4,Anisylidene acetone,0.0,0.0,0.0,0.0,0.0,0.0,0.0,0.0,0.0,0.0,0.0,0.0,0.0,0.0,0.0,0.0,0.0,0.0,FALSE,FALSE,
494-40-6,cis-and trans-Asarone,,,,,,,,,,,,,,,,,,,FALSE,FALSE,
2883-98-9,cis-and trans-Asarone,,,,,,,,,,,,,,,,,,,FALSE,FALSE,
5273-86-9,cis-and trans-Asarone,,,,,,,,,,,,,,,,,,,FALSE,FALSE,
71-43-2,Benzene,,,,,,,,,,,,,,,,,,,FALSE,FALSE,
140-29-4,Benzyl cyanide,,,,,,,,,,,,,,,,,,,FALSE,FALSE,
122-57-6,Benzylidene acetone,0.0,0.0,0.0,0.0,0.0,0.0,0.0,0.0,0.0,0.0,0.0,0.0,0.0,0.0,0.0,0.0,0.0,0.0,FALSE,FALSE,
8001-88-5,Birch wood pyrolysate,,,,,,,,,,,,,,,,,,,FALSE,FALSE,
68917-50-0,Birch wood pyrolysate,,,,,,,,,,,,,,,,,,,FALSE,FALSE,
84012-15-7,Birch wood pyrolysate,,,,,,,,,,,,,,,,,,,FALSE,FALSE,
85251-66-7,Birch wood pyrolysate,,,,,,,,,,,,,,,,,,,FALSE,FALSE,
85940-29-0,Birch wood pyrolysate,,,,,,,,,,,,,,,,,,,FALSE,FALSE,
91745-85-6,Birch wood pyrolysate,,,,,,,,,,,,,,,,,,,FALSE,FALSE,
8022-81-9,Boldo oil,0.0,0.0,0.0,0.0,0.0,0.0,0.0,0.0,0.0,0.0,0.0,0.0,0.0,0.0,0.0,0.0,0.0,0.0,FALSE,FALSE,
84649-96-7,Boldo oil,0.0,0.0,0.0,0.0,0.0,0.0,0.0,0.0,0.0,0.0,0.0,0.0,0.0,0.0,0.0,0.0,0.0,0.0,FALSE,FALSE,
76-29-9,"3-Bromo-1,7,7-trimethylbicyclo[2.2.1]heptane-2-one",0.0,0.0,0.0,0.0,0.0,0.0,0.0,0.0,0.0,0.0,0.0,0.0,0.0,0.0,0.0,0.0,0.0,0.0,FALSE,FALSE,
103-64-0,Bromostyrene,0.0,0.0,0.0,0.0,0.0,0.0,0.0,0.0,0.0,0.0,0.0,0.0,0.0,0.0,0.0,0.0,0.0,0.0,FALSE,FALSE,
98-54-4,p-tert-Butylphenol,0.0,0.0,0.0,0.0,0.0,0.0,0.0,0.0,0.0,0.0,0.0,0.0,0.0,0.0,0.0,0.0,0.0,0.0,FALSE,FALSE,
8013-10-3,Cade oil,,,,,,,,,,,,,,,,,,,FALSE,FALSE,
90046-02-9,Cade oil,,,,,,,,,,,,,,,,,,,FALSE,FALSE,
33204-74-9,Carvone oxide,0.0,0.0,0.0,0.0,0.0,0.0,0.0,0.0,0.0,0.0,0.0,0.0,0.0,0.0,0.0,0.0,0.0,0.0,FALSE,FALSE,
8006-99-3,Chenopodium oil,0.0,0.0,0.0,0.0,0.0,0.0,0.0,0.0,0.0,0.0,0.0,0.0,0.0,0.0,0.0,0.0,0.0,0.0,FALSE,FALSE,
8024-11-1,Chenopodium oil,0.0,0.0,0.0,0.0,0.0,0.0,0.0,0.0,0.0,0.0,0.0,0.0,0.0,0.0,0.0,0.0,0.0,0.0,FALSE,FALSE,
89997-47-7,Chenopodium oil,0.0,0.0,0.0,0.0,0.0,0.0,0.0,0.0,0.0,0.0,0.0,0.0,0.0,0.0,0.0,0.0,0.0,0.0,FALSE,FALSE,
4173-44-8,Cinnamylidene acetone,0.0,0.0,0.0,0.0,0.0,0.0,0.0,0.0,0.0,0.0,0.0,0.0,0.0,0.0,0.0,0.0,0.0,0.0,FALSE,FALSE,
8050-09-7,Colophony,0.0,0.0,0.0,0.0,0.0,0.0,0.0,0.0,0.0,0.0,0.0,0.0,0.0,0.0,0.0,0.0,0.0,0.0,FALSE,FALSE,
8023-88-9,"Costus root oil, absolute and concrete",0.0,0.0,0.0,0.0,0.0,0.0,0.0,0.0,0.0,0.0,0.0,0.0,0.0,0.0,0.0,0.0,0.0,0.0,FALSE,FALSE,
90106-55-1,"Costus root oil, absolute and concrete",0.0,0.0,0.0,0.0,0.0,0.0,0.0,0.0,0.0,0.0,0.0,0.0,0.0,0.0,0.0,0.0,0.0,0.0,FALSE,FALSE,
4756-19-8,Cyclamen alcohol,,,,,,,,,,,,,,,,,,,FALSE,FALSE,
63697-53-0,Musk alpha,0.0,0.0,0.0,0.0,0.0,0.0,0.0,0.0,0.0,0.0,0.0,0.0,0.0,0.0,0.0,0.0,0.0,0.0,FALSE,FALSE,
62265-99-0,Musk KS,0.0,0.0,0.0,0.0,0.0,0.0,0.0,0.0,0.0,0.0,0.0,0.0,0.0,0.0,0.0,0.0,0.0,0.0,FALSE,FALSE,
3591-42-2,"2,2-Dichloro-1-methylcyclopropylbenzene",0.0,0.0,0.0,0.0,0.0,0.0,0.0,0.0,0.0,0.0,0.0,0.0,0.0,0.0,0.0,0.0,0.0,0.0,FALSE,FALSE,
764-40-9,"2,4-Dienals",0.0,0.0,0.0,0.0,0.0,0.0,0.0,0.0,0.0,0.0,0.0,0.0,0.0,0.0,0.0,0.0,0.0,0.0,FALSE,FALSE,
142-83-6,"2,4-Dienals",0.0,0.0,0.0,0.0,0.0,0.0,0.0,0.0,0.0,0.0,0.0,0.0,0.0,0.0,0.0,0.0,0.0,0.0,FALSE,FALSE,
80466-34-8,"2,4-Dienals",0.0,0.0,0.0,0.0,0.0,0.0,0.0,0.0,0.0,0.0,0.0,0.0,0.0,0.0,0.0,0.0,0.0,0.0,FALSE,FALSE,
5910-85-0,"2,4-Dienals",0.0,0.0,0.0,0.0,0.0,0.0,0.0,0.0,0.0,0.0,0.0,0.0,0.0,0.0,0.0,0.0,0.0,0.0,FALSE,FALSE,
30361-28-5,"2,4-Dienals",0.0,0.0,0.0,0.0,0.0,0.0,0.0,0.0,0.0,0.0,0.0,0.0,0.0,0.0,0.0,0.0,0.0,0.0,FALSE,FALSE,
6750-03-4,"2,4-Dienals",0.0,0.0,0.0,0.0,0.0,0.0,0.0,0.0,0.0,0.0,0.0,0.0,0.0,0.0,0.0,0.0,0.0,0.0,FALSE,FALSE,
2363-88-4,"2,4-Dienals",0.0,0.0,0.0,0.0,0.0,0.0,0.0,0.0,0.0,0.0,0.0,0.0,0.0,0.0,0.0,0.0,0.0,0.0,FALSE,FALSE,
13162-46-4,"2,4-Dienals",0.0,0.0,0.0,0.0,0.0,0.0,0.0,0.0,0.0,0.0,0.0,0.0,0.0,0.0,0.0,0.0,0.0,0.0,FALSE,FALSE,
21662-16-8,"2,4-Dienals",0.0,0.0,0.0,0.0,0.0,0.0,0.0,0.0,0.0,0.0,0.0,0.0,0.0,0.0,0.0,0.0,0.0,0.0,FALSE,FALSE,
25152-84-5,"2,4-Dienals",0.0,0.0,0.0,0.0,0.0,0.0,0.0,0.0,0.0,0.0,0.0,0.0,0.0,0.0,0.0,0.0,0.0,0.0,FALSE,FALSE,
30361-29-6,"2,4-Dienals",0.0,0.0,0.0,0.0,0.0,0.0,0.0,0.0,0.0,0.0,0.0,0.0,0.0,0.0,0.0,0.0,0.0,0.0,FALSE,FALSE,
4313-03-5,"2,4-Dienals",0.0,0.0,0.0,0.0,0.0,0.0,0.0,0.0,0.0,0.0,0.0,0.0,0.0,0.0,0.0,0.0,0.0,0.0,FALSE,FALSE,
20432-40-0,"2,4-Dienals",0.0,0.0,0.0,0.0,0.0,0.0,0.0,0.0,0.0,0.0,0.0,0.0,0.0,0.0,0.0,0.0,0.0,0.0,FALSE,FALSE,
4488-48-6,"2,4-Dienals",0.0,0.0,0.0,0.0,0.0,0.0,0.0,0.0,0.0,0.0,0.0,0.0,0.0,0.0,0.0,0.0,0.0,0.0,FALSE,FALSE,
5577-44-6,"2,4-Dienals",0.0,0.0,0.0,0.0,0.0,0.0,0.0,0.0,0.0,0.0,0.0,0.0,0.0,0.0,0.0,0.0,0.0,0.0,FALSE,FALSE,
5910-87-2,"2,4-Dienals",0.0,0.0,0.0,0.0,0.0,0.0,0.0,0.0,0.0,0.0,0.0,0.0,0.0,0.0,0.0,0.0,0.0,0.0,FALSE,FALSE,
141-05-9,Diethyl maleate,0.0,0.0,0.0,0.0,0.0,0.0,0.0,0.0,0.0,0.0,0.0,0.0,0.0,0.0,0.0,0.0,0.0,0.0,FALSE,FALSE,
6248-20-0,"2,4-Dihydroxy-3-methylbenzaldehyde",0.0,0.0,0.0,0.0,0.0,0.0,0.0,0.0,0.0,0.0,0.0,0.0,0.0,0.0,0.0,0.0,0.0,0.0,FALSE,FALSE,
17874-34-9,"4,6-Dimethyl-8-tert-butylcoumarin",0.0,0.0,0.0,0.0,0.0,0.0,0.0,0.0,0.0,0.0,0.0,0.0,0.0,0.0,0.0,0.0,0.0,0.0,FALSE,FALSE,
40607-48-5,"3,7-Dimethyl-2-octen-1-ol",0.0,0.0,0.0,0.0,0.0,0.0,0.0,0.0,0.0,0.0,0.0,0.0,0.0,0.0,0.0,0.0,0.0,0.0,FALSE,FALSE,
617-54-9,Dimethyl citraconate,0.0,0.0,0.0,0.0,0.0,0.0,0.0,0.0,0.0,0.0,0.0,0.0,0.0,0.0,0.0,0.0,0.0,0.0,FALSE,FALSE,
122-39-4,Diphenylamine,0.0,0.0,0.0,0.0,0.0,0.0,0.0,0.0,0.0,0.0,0.0,0.0,0.0,0.0,0.0,0.0,0.0,0.0,FALSE,FALSE,
18485-38-6,"2,4-Dodecadien-1-ol, (2E, 4E)",0.0,0.0,0.0,0.0,0.0,0.0,0.0,0.0,0.0,0.0,0.0,0.0,0.0,0.0,0.0,0.0,0.0,0.0,FALSE,FALSE,
10031-92-2,Esters of 2-Nonynoic acid (except Methyl octine carbonate),0.0,0.0,0.0,0.0,0.0,0.0,0.0,0.0,0.0,0.0,0.0,0.0,0.0,0.0,0.0,0.0,0.0,0.0,FALSE,FALSE,
10484-32-9,Esters of 2-Octynoic acid (except Methyl heptine carbonate),0.0,0.0,0.0,0.0,0.0,0.0,0.0,0.0,0.0,0.0,0.0,0.0,0.0,0.0,0.0,0.0,0.0,0.0,FALSE,FALSE,
10519-20-7,Esters of 2-Octynoic acid (except Methyl heptine carbonate),0.0,0.0,0.0,0.0,0.0,0.0,0.0,0.0,0.0,0.0,0.0,0.0,0.0,0.0,0.0,0.0,0.0,0.0,FALSE,FALSE,
140-88-5,Ethyl acrylate,0.0,0.0,0.0,0.0,0.0,0.0,0.0,0.0,0.0,0.0,0.0,0.0,0.0,0.0,0.0,0.0,0.0,0.0,FALSE,FALSE,
110-80-5,Ethylene glycol monoethyl ether and its acetate,0.0,0.0,0.0,0.0,0.0,0.0,0.0,0.0,0.0,0.0,0.0,0.0,0.0,0.0,0.0,0.0,0.0,0.0,FALSE,FALSE,
111-15-9,Ethylene glycol monoethyl ether and its acetate,0.0,0.0,0.0,0.0,0.0,0.0,0.0,0.0,0.0,0.0,0.0,0.0,0.0,0.0,0.0,0.0,0.0,0.0,FALSE,FALSE,
109-86-4,Ethylene glycol monomethyl ether and its acetate,0.0,0.0,0.0,0.0,0.0,0.0,0.0,0.0,0.0,0.0,0.0,0.0,0.0,0.0,0.0,0.0,0.0,0.0,FALSE,FALSE,
110-49-6,Ethylene glycol monomethyl ether and its acetate,0.0,0.0,0.0,0.0,0.0,0.0,0.0,0.0,0.0,0.0,0.0,0.0,0.0,0.0,0.0,0.0,0.0,0.0,FALSE,FALSE,
68916-52-9,Fig leaf absolute,0.0,0.0,0.0,0.0,0.0,0.0,0.0,0.0,0.0,0.0,0.0,0.0,0.0,0.0,0.0,0.0,0.0,0.0,FALSE,FALSE,
90028-74-3,Fig leaf absolute,0.0,0.0,0.0,0.0,0.0,0.0,0.0,0.0,0.0,0.0,0.0,0.0,0.0,0.0,0.0,0.0,0.0,0.0,FALSE,FALSE,
98-00-0,Furfuryl alcohol,0.0,0.0,0.0,0.0,0.0,0.0,0.0,0.0,0.0,0.0,0.0,0.0,0.0,0.0,0.0,0.0,0.0,0.0,FALSE,FALSE,
623-15-4,Furfurylidene acetone,0.0,0.0,0.0,0.0,0.0,0.0,0.0,0.0,0.0,0.0,0.0,0.0,0.0,0.0,0.0,0.0,0.0,0.0,FALSE,FALSE,
5146-66-7,Geranyl nitrile,0.0,0.0,0.0,0.0,0.0,0.0,0.0,0.0,0.0,0.0,0.0,0.0,0.0,0.0,0.0,0.0,0.0,0.0,FALSE,FALSE,
5585-39-7,Geranyl nitrile,0.0,0.0,0.0,0.0,0.0,0.0,0.0,0.0,0.0,0.0,0.0,0.0,0.0,0.0,0.0,0.0,0.0,0.0,FALSE,FALSE,
31983-27-4,Geranyl nitrile,0.0,0.0,0.0,0.0,0.0,0.0,0.0,0.0,0.0,0.0,0.0,0.0,0.0,0.0,0.0,0.0,0.0,0.0,FALSE,FALSE,
18829-55-5,trans-2-Heptenal,0.0,0.0,0.0,0.0,0.0,0.0,0.0,0.0,0.0,0.0,0.0,0.0,0.0,0.0,0.0,0.0,0.0,0.0,FALSE,FALSE,
111-28-4,"2,4-Hexadien-1-ol",0.0,0.0,0.0,0.0,0.0,0.0,0.0,0.0,0.0,0.0,0.0,0.0,0.0,0.0,0.0,0.0,0.0,0.0,FALSE,FALSE,
17102-64-6,"2,4-Hexadien-1-ol",0.0,0.0,0.0,0.0,0.0,0.0,0.0,0.0,0.0,0.0,0.0,0.0,0.0,0.0,0.0,0.0,0.0,0.0,FALSE,FALSE,
700-82-3,Hexahydrocoumarin,0.0,0.0,0.0,0.0,0.0,0.0,0.0,0.0,0.0,0.0,0.0,0.0,0.0,0.0,0.0,0.0,0.0,0.0,FALSE,FALSE,
67746-30-9,trans-2-Hexenal diethyl acetal,0.0,0.0,0.0,0.0,0.0,0.0,0.0,0.0,0.0,0.0,0.0,0.0,0.0,0.0,0.0,0.0,0.0,0.0,FALSE,FALSE,
18318-83-7,trans-2-Hexenal dimethyl acetal,0.0,0.0,0.0,0.0,0.0,0.0,0.0,0.0,0.0,0.0,0.0,0.0,0.0,0.0,0.0,0.0,0.0,0.0,FALSE,FALSE,
13393-93-6,"Hydroabietyl alcohol, Dihydroabietyl alcohol",0.0,0.0,0.0,0.0,0.0,0.0,0.0,0.0,0.0,0.0,0.0,0.0,0.0,0.0,0.0,0.0,0.0,0.0,FALSE,FALSE,
26266-77-3,"Hydroabietyl alcohol, Dihydroabietyl alcohol",0.0,0.0,0.0,0.0,0.0,0.0,0.0,0.0,0.0,0.0,0.0,0.0,0.0,0.0,0.0,0.0,0.0,0.0,FALSE,FALSE,
1333-89-7,"Hydroabietyl alcohol, Dihydroabietyl alcohol",0.0,0.0,0.0,0.0,0.0,0.0,0.0,0.0,0.0,0.0,0.0,0.0,0.0,0.0,0.0,0.0,0.0,0.0,FALSE,FALSE,
622-62-8,Hydroquinone monoethyl ether,0.0,0.0,0.0,0.0,0.0,0.0,0.0,0.0,0.0,0.0,0.0,0.0,0.0,0.0,0.0,0.0,0.0,0.0,FALSE,FALSE,
150-76-5,Hydroquinone monomethyl ether,0.0,0.0,0.0,0.0,0.0,0.0,0.0,0.0,0.0,0.0,0.0,0.0,0.0,0.0,0.0,0.0,0.0,0.0,FALSE,FALSE,
78-59-1,Isophorone,,,,,,,,,,,,,,,,,,,FALSE,FALSE,
34131-99-2,6-Isopropyl-2-decalol,0.0,0.0,0.0,0.0,0.0,0.0,0.0,0.0,0.0,0.0,0.0,0.0,0.0,0.0,0.0,0.0,0.0,0.0,FALSE,FALSE,
85085-26-3,Massoia bark oil,0.0,0.0,0.0,0.0,0.0,0.0,0.0,0.0,0.0,0.0,0.0,0.0,0.0,0.0,0.0,0.0,0.0,0.0,FALSE,FALSE,
54814-64-1,Massoia lactone,0.0,0.0,0.0,0.0,0.0,0.0,0.0,0.0,0.0,0.0,0.0,0.0,0.0,0.0,0.0,0.0,0.0,0.0,FALSE,FALSE,
51154-96-2,Massoia lactone,0.0,0.0,0.0,0.0,0.0,0.0,0.0,0.0,0.0,0.0,0.0,0.0,0.0,0.0,0.0,0.0,0.0,0.0,FALSE,FALSE,
531-59-9,7-Methoxycoumarin,,,,,,,,,,,,,,,,,,,FALSE,FALSE,
104-27-8,α-Methyl anisylidene acetone,0.0,0.0,0.0,0.0,0.0,0.0,0.0,0.0,0.0,0.0,0.0,0.0,0.0,0.0,0.0,0.0,0.0,0.0,FALSE,FALSE,
92-48-8,6-Methylcoumarin,0.0,0.0,0.0,0.0,0.0,0.0,0.0,0.0,0.0,0.0,0.0,0.0,0.0,0.0,0.0,0.0,0.0,0.0,FALSE,TRUE,
2445-83-2,7-Methylcoumarin,0.0,0.0,0.0,0.0,0.0,0.0,0.0,0.0,0.0,0.0,0.0,0.0,0.0,0.0,0.0,0.0,0.0,0.0,FALSE,FALSE,
623-43-8,Methyl crotonate,0.0,0.0,0.0,0.0,0.0,0.0,0.0,0.0,0.0,0.0,0.0,0.0,0.0,0.0,0.0,0.0,0.0,0.0,FALSE,FALSE,
87-05-8,4-Methyl-7-ethoxycoumarin,0.0,0.0,0.0,0.0,0.0,0.0,0.0,0.0,0.0,0.0,0.0,0.0,0.0,0.0,0.0,0.0,0.0,0.0,FALSE,FALSE,
5406-12-2,p-Methylhydrocinnamic aldehyde,0.0,0.0,0.0,0.0,0.0,0.0,0.0,0.0,0.0,0.0,0.0,0.0,0.0,0.0,0.0,0.0,0.0,0.0,FALSE,FALSE,
80-62-6,Methyl methacrylate,0.0,0.0,0.0,0.0,0.0,0.0,0.0,0.0,0.0,0.0,0.0,0.0,0.0,0.0,0.0,0.0,0.0,0.0,FALSE,FALSE,
53153-66-5,3-Methyl-2(3)-nonenenitrile,0.0,0.0,0.0,0.0,0.0,0.0,0.0,0.0,0.0,0.0,0.0,0.0,0.0,0.0,0.0,0.0,0.0,0.0,FALSE,FALSE,
116-66-5,Musk moskene,0.0,0.0,0.0,0.0,0.0,0.0,0.0,0.0,0.0,0.0,0.0,0.0,0.0,0.0,0.0,0.0,0.0,0.0,FALSE,FALSE,
83-66-9,Musk ambrette,0.0,0.0,0.0,0.0,0.0,0.0,0.0,0.0,0.0,0.0,0.0,0.0,0.0,0.0,0.0,0.0,0.0,0.0,FALSE,FALSE,
145-39-1,Musk tibetene,0.0,0.0,0.0,0.0,0.0,0.0,0.0,0.0,0.0,0.0,0.0,0.0,0.0,0.0,0.0,0.0,0.0,0.0,FALSE,FALSE,
81-15-2,Musk xylene,0.0,0.0,0.0,0.0,0.0,0.0,0.0,0.0,0.0,0.0,0.0,0.0,0.0,0.0,0.0,0.0,0.0,0.0,FALSE,FALSE,
98-95-3,Nitrobenzene,0.0,0.0,0.0,0.0,0.0,0.0,0.0,0.0,0.0,0.0,0.0,0.0,0.0,0.0,0.0,0.0,0.0,0.0,FALSE,FALSE,
25677-40-1,2-Pentylidene cyclohexanone,0.0,0.0,0.0,0.0,0.0,0.0,0.0,0.0,0.0,0.0,0.0,0.0,0.0,0.0,0.0,0.0,0.0,0.0,FALSE,FALSE,
103-79-7,Phenyl acetone,0.0,0.0,0.0,0.0,0.0,0.0,0.0,0.0,0.0,0.0,0.0,0.0,0.0,0.0,0.0,0.0,0.0,0.0,FALSE,FALSE,
93-99-2,Phenyl benzoate,0.0,0.0,0.0,0.0,0.0,0.0,0.0,0.0,0.0,0.0,0.0,0.0,0.0,0.0,0.0,0.0,0.0,0.0,FALSE,FALSE,
141-10-6,Pseudoionone,,,,,,,,,,,,,,,,,,,FALSE,FALSE,
26651-96-7,Pseudo methylionones,,,,,,,,,,,,,,,,,,,FALSE,FALSE,
72968-25-3,Pseudo methylionones,,,,,,,,,,,,,,,,,,,FALSE,FALSE,
1117-41-5,Pseudo methylionones,,,,,,,,,,,,,,,,,,,FALSE,FALSE,
91-22-5,Quinoline,0.0,0.0,0.0,0.0,0.0,0.0,0.0,0.0,0.0,0.0,0.0,0.0,0.0,0.0,0.0,0.0,0.0,0.0,FALSE,FALSE,
94-59-7,"Safrole, Isosafrole and Dihydrosafrole",,,,,,,,,,,,,,,,,,,FALSE,FALSE,
120-58-1,"Safrole, Isosafrole and Dihydrosafrole",,,,,,,,,,,,,,,,,,,FALSE,FALSE,
94-58-6,"Safrole, Isosafrole and Dihydrosafrole",,,,,,,,,,,,,,,,,,,FALSE,FALSE,
84961-58-0,Santolina oil,0.0,0.0,0.0,0.0,0.0,0.0,0.0,0.0,0.0,0.0,0.0,0.0,0.0,0.0,0.0,0.0,0.0,0.0,FALSE,FALSE,
8024-00-8,Savin oil,,,,,,,,,,,,,,,,,,,FALSE,FALSE,
90046-04-1,Savin oil,,,,,,,,,,,,,,,,,,,FALSE,FALSE,
68916-94-9,Savin oil,,,,,,,,,,,,,,,,,,,FALSE,FALSE,
90046-03-0,Savin oil,,,,,,,,,,,,,,,,,,,FALSE,FALSE,
108-88-3,Toluene,,,,,,,,,,,,,,,,,,,FALSE,FALSE,
515-03-7,Sclareol,,,,,,,,,,,,,,,,,,,FALSE,TRUE,
4674-50-4,Nootkatone,,,,,,,,,,,,,,,,,,,FALSE,FALSE,
138-86-3,Limonene,,,,,,,,,,,,,,,,,,,TRUE,TRUE,
7705-14-8,Limonene,,,,,,,,,,,,,,,,,,,TRUE,TRUE,
5989-27-5,Limonene,,,,,,,,,,,,,,,,,,,TRUE,TRUE,
5989-54-8,Limonene,,,,,,,,,,,,,,,,,,,TRUE,TRUE,
78-70-6,Linalool,,,,,,,,,,,,,,,,,,,TRUE,TRUE,
126-90-9,Linalool,,,,,,,,,,,,,,,,,,,FALSE,FALSE,
126-91-0,Linalool,,,,,,,,,,,,,,,,,,,FALSE,FALSE,
81-14-1,Musk ketone,,,,,,,,,,,,,,,,,,,FALSE,FALSE,
94-86-0,Propenylguaethol,0.18,0.053,0.11,0.99,0.25,0.21,0.25,0.071,0.58,0.32,0.32,0.071,0.75,0.75,3.7,0.071,0.071,58.0,FALSE,FALSE,
63477-41-8,Propenylguaethol,0.18,0.053,0.11,0.99,0.25,0.21,0.25,0.071,0.58,0.32,0.32,0.071,0.75,0.75,3.7,0.071,0.071,58.0,FALSE,FALSE,
2785-87-7,2-Methoxy-4-propylphenol,0.13,0.039,0.78,0.73,0.19,0.19,0.19,0.062,0.43,1.5,1.5,0.062,1.4,1.4,5.1,0.062,0.062,,FALSE,FALSE,
515-69-5,alpha-Bisabolol,0.42,0.13,2.5,2.4,0.6,0.6,0.6,0.2,1.4,3.0,3.0,0.2,4.6,4.6,17.0,0.2,0.2,,FALSE,FALSE,
23089-26-1,alpha-Bisabolol,0.42,0.13,2.5,2.4,0.6,0.6,0.6,0.2,1.4,3.0,3.0,0.2,4.6,4.6,17.0,0.2,0.2,,FALSE,FALSE,
23178-88-3,alpha-Bisabolol,0.42,0.13,2.5,2.4,0.6,0.6,0.6,0.2,1.4,3.0,3.0,0.2,4.6,4.6,17.0,0.2,0.2,,FALSE,FALSE,
78148-59-1,alpha-Bisabolol,0.42,0.13,2.5,2.4,0.6,0.6,0.6,0.2,1.4,3.0,3.0,0.2,4.6,4.6,17.0,0.2,0.2,,FALSE,FALSE,
76738-75-5,alpha-Bisabolol,0.42,0.13,2.5,2.4,0.6,0.6,0.6,0.2,1.4,3.0,3.0,0.2,4.6,4.6,17.0,0.2,0.2,,FALSE,FALSE,
72691-24-8,alpha-Bisabolol,0.42,0.13,2.5,2.4,0.6,0.6,0.6,0.2,1.4,3.0,3.0,0.2,4.6,4.6,17.0,0.2,0.2,,FALSE,FALSE,
589-18-4,p-Tolyl alcohol,0.048,0.048,0.048,1.5,0.64,0.048,0.048,0.016,0.048,0.048,0.048,0.016,0.53,0.53,0.048,0.016,0.016,,FALSE,FALSE,
536-60-7,p-Isopropylbenzyl alcohol,0.45,0.14,0.4,2.5,0.64,0.64,0.64,0.21,1.5,0.8,0.8,0.21,2.0,2.0,4.8,0.21,0.21,,FALSE,FALSE,
24048-14-4,"2,6,10-Trimethylundeca-5,9-dien-1-ol",0.21,0.062,1.2,1.2,0.29,0.29,0.29,0.29,0.68,2.4,2.4,0.12,2.3,8.1,8.1,4.5,4.5,,FALSE,FALSE,
185019-19-6,"2,6,10-Trimethylundeca-5,9-dien-1-ol",0.21,0.062,1.2,1.2,0.29,0.29,0.29,0.29,0.68,2.4,2.4,0.12,2.3,8.1,8.1,4.5,4.5,,FALSE,FALSE,
58001-88-0,"2,6,10-Trimethylundeca-5,9-dien-1-ol",0.21,0.062,1.2,1.2,0.29,0.29,0.29,0.29,0.68,2.4,2.4,0.12,2.3,8.1,8.1,4.5,4.5,,FALSE,FALSE,
58001-87-9,"2,6,10-Trimethylundeca-5,9-dien-1-ol",0.21,0.062,1.2,1.2,0.29,0.29,0.29,0.29,0.68,2.4,2.4,0.12,2.3,8.1,8.1,4.5,4.5,,FALSE,FALSE,
1373932-23-0,"2,6,10-Trimethylundeca-5,9-dien-1-ol",0.21,0.062,1.2,1.2,0.29,0.29,0.29,0.29,0.68,2.4,2.4,0.12,2.3,8.1,8.1,4.5,4.5,,FALSE,FALSE,
1018832-07-9,"2,6,10-Trimethylundeca-5,9-dien-1-ol",0.21,0.062,1.2,1.2,0.29,0.29,0.29,0.29,0.68,2.4,2.4,0.12,2.3,8.1,8.1,4.5,4.5,,FALSE,FALSE,
11028-42-5,Cedrene,0.27,0.08,1.6,1.5,0.38,0.38,0.38,0.38,0.88,3.1,3.1,0.16,2.9,11.0,11.0,5.8,5.8,,FALSE,FALSE,
469-61-4,Cedrene,0.27,0.08,1.6,1.5,0.38,0.38,0.38,0.38,0.88,3.1,3.1,0.16,2.9,11.0,11.0,5.8,5.8,,FALSE,FALSE,
546-28-1,Cedrene,0.27,0.08,1.6,1.5,0.38,0.38,0.38,0.38,0.88,3.1,3.1,0.16,2.9,11.0,11.0,5.8,5.8,,FALSE,FALSE,
17488-65-2,4-Phenyl-3-buten-2-ol,0.22,0.066,1.3,1.2,0.32,0.32,0.32,0.32,0.73,2.5,2.5,0.13,2.4,8.7,8.7,4.8,4.8,,FALSE,FALSE,
475-20-7,Longifolene,0.27,0.08,1.6,1.5,0.38,0.38,0.38,0.38,0.88,3.1,3.1,0.16,2.9,11.0,11.0,5.8,5.8,,FALSE,FALSE,
16846-09-6,Longifolene,0.27,0.08,1.6,1.5,0.38,0.38,0.38,0.38,0.88,3.1,3.1,0.16,2.9,11.0,11.0,5.8,5.8,,FALSE,FALSE,
19067-29-9,Longifolene,0.27,0.08,1.6,1.5,0.38,0.38,0.38,0.38,0.88,3.1,3.1,0.16,2.9,11.0,11.0,5.8,5.8,,FALSE,FALSE,
3658-77-3,"4-Hydroxy-2,5-dimethyl-3(2H)-furanone",0.045,0.014,0.27,0.25,0.064,0.064,0.064,0.021,0.15,0.52,0.52,0.021,0.49,0.49,1.8,0.021,0.021,,FALSE,FALSE,
19317-11-4,Farnesal,0.11,0.032,0.11,0.6,0.15,0.15,0.15,0.051,0.11,0.34,0.34,0.051,0.57,0.57,4.2,0.051,0.051,,FALSE,FALSE,
41448-29-7,"3,7-Dimethyl-2,6-nonadien-1-al",0.11,0.032,0.65,0.6,0.15,0.15,0.15,0.051,0.16,1.2,1.2,0.051,0.16,0.16,4.2,0.051,0.051,,FALSE,FALSE,
762-26-5,"5,9-Dimethyl-4,8-decadienal",0.074,0.16,0.074,3.0,0.76,0.15,0.074,0.025,0.074,1.1,1.1,0.025,2.5,2.5,4.6,0.025,0.025,,FALSE,FALSE,
55722-59-3,"3,7-Dimethyl-3,6-octadienal",0.54,0.16,0.03,3.0,0.76,0.12,0.03,0.01,1.3,0.12,0.12,0.01,0.79,0.79,4.2,0.01,0.01,53.0,FALSE,FALSE,
1754-00-3,"3,7-Dimethyl-3,6-octadienal",0.54,0.16,0.03,3.0,0.76,0.12,0.03,0.01,1.3,0.12,0.12,0.01,0.79,0.79,4.2,0.01,0.01,53.0,FALSE,FALSE,
72203-98-6,"3,7-Dimethyl-3,6-octadienal",0.54,0.16,0.03,3.0,0.76,0.12,0.03,0.01,1.3,0.12,0.12,0.01,0.79,0.79,4.2,0.01,0.01,53.0,FALSE,FALSE,
72203-97-5,"3,7-Dimethyl-3,6-octadienal",0.54,0.16,0.03,3.0,0.76,0.12,0.03,0.01,1.3,0.12,0.12,0.01,0.79,0.79,4.2,0.01,0.01,53.0,FALSE,FALSE,
106-23-0,Citronellal,0.41,0.16,0.026,0.49,0.33,0.051,0.1,0.017,0.82,0.077,0.077,0.017,1.4,1.4,2.3,0.017,0.017,,FALSE,FALSE,
5949-05-3,Citronellal,0.41,0.16,0.026,0.49,0.33,0.051,0.1,0.017,0.82,0.077,0.077,0.017,1.4,1.4,2.3,0.017,0.017,,FALSE,FALSE,
71077-31-1,"4,8-Dimethyl-4,9-decadienal",0.042,0.013,0.25,0.24,0.06,0.06,0.06,0.02,0.14,0.48,0.48,0.02,0.46,0.46,1.7,0.02,0.02,,FALSE,FALSE,
5502-75-0,"cis,trans-4-(Isopropyl)cyclohexanemethanol",0.25,0.39,0.099,4.7,1.2,0.15,0.2,0.049,0.0099,0.13,0.13,0.049,0.39,0.39,1.1,0.049,0.049,28.0,FALSE,FALSE,
13828-37-0,"cis,trans-4-(Isopropyl)cyclohexanemethanol",0.25,0.39,0.099,4.7,1.2,0.15,0.2,0.049,0.0099,0.13,0.13,0.049,0.39,0.39,1.1,0.049,0.049,28.0,FALSE,FALSE,
13674-19-6,"cis,trans-4-(Isopropyl)cyclohexanemethanol",0.25,0.39,0.099,4.7,1.2,0.15,0.2,0.049,0.0099,0.13,0.13,0.049,0.39,0.39,1.1,0.049,0.049,28.0,FALSE,FALSE,
67634-03-1,4-(Isopropyl)-.beta.-methylcyclohexanethanol,0.26,0.39,0.26,6.4,0.52,0.26,0.26,0.086,0.26,0.26,0.26,0.086,4.9,4.9,1.0,0.086,0.086,20.0,FALSE,FALSE,
68480-15-9,"Cyclohexanemethanol, 2,4-dimethyl-",0.0013,0.39,0.0013,0.0013,1.3,0.0013,0.0013,0.00043,0.0013,0.0013,0.0013,0.00043,3.1,3.1,0.0013,0.00043,0.00043,0.0013,FALSE,FALSE,
107898-54-4,"3,3-Dimethyl-5-(2,2,3-trimethyl-3-cyclopenten-1-yl)-4-penten-2-ol",0.031,0.057,0.25,1.1,0.27,0.27,0.27,0.091,0.031,0.63,0.63,0.091,1.7,1.7,4.0,0.091,0.091,,FALSE,FALSE,
65113-99-7,"5-(2,2,3-Trimethyl-3-cyclopentenyl)-3-methylpentan-2-ol",0.21,0.062,1.2,1.2,0.29,0.29,0.29,0.29,0.68,2.4,2.4,0.12,2.3,8.1,8.1,4.5,4.5,,FALSE,FALSE,
65114-03-6,"alpha,2,2,3-Tetramethylcyclopent-3-ene-1-butyraldehyde",0.038,0.011,0.23,0.21,0.054,0.054,0.054,0.054,0.13,0.44,0.44,0.023,0.42,1.5,1.5,0.83,0.83,,FALSE,FALSE,
65505-24-0,Isobutyl N-methylanthranylate,,,,,,,,,,,,,,,,,,,FALSE,FALSE,
91-61-2,p-Methyltetrahydroquinoline,,,,,,,,,,,,,,,,,,,FALSE,FALSE,
19343-78-3,"1,2,3,4-Tetrahydro-4-methylquinoline",,,,,,,,,,,,,,,,,,,FALSE,FALSE,
5471-51-2,4-(4-Hydroxyphenyl)butan-2-one,0.68,1.0,0.27,1.0,1.0,0.14,0.27,0.045,0.82,0.41,0.41,0.045,1.0,1.0,1.0,0.045,0.045,78.0,FALSE,FALSE,
13341-72-5,Mintlactone,0.0,0.0,0.0,0.0,0.0,0.0,0.0,0.0,0.0,0.0,0.0,0.0,0.0,0.0,0.0,0.0,0.0,0.0,FALSE,FALSE,
38049-04-6,Mintlactone,0.0,0.0,0.0,0.0,0.0,0.0,0.0,0.0,0.0,0.0,0.0,0.0,0.0,0.0,0.0,0.0,0.0,0.0,FALSE,FALSE,
116044-44-1,Ethyl isopropyl bicycloheptene-2-carboxylate,0.15,0.05,0.45,0.94,0.24,0.24,0.24,0.08,0.15,0.61,0.61,0.08,1.8,3.0,0.15,0.08,0.08,,FALSE,FALSE,
116126-82-0,Ethyl isopropyl bicycloheptene-2-carboxylate,0.15,0.05,0.45,0.94,0.24,0.24,0.24,0.08,0.15,0.61,0.61,0.08,1.8,3.0,0.15,0.08,0.08,,FALSE,FALSE,
33885-52-8,Tetramethyl bicyclo-2-heptene-2-propionaldehyde,0.0014,0.11,0.0014,1.3,0.019,0.0014,0.0014,0.00046,0.0014,0.0041,0.0041,0.00046,0.087,0.0096,0.13,0.00046,0.00046,25.0,FALSE,FALSE,
70788-30-6,"1-(2,2,6-Trimethylcyclohexyl)-3-hexanol",0.17,0.071,0.51,1.3,0.34,0.34,0.34,0.11,0.17,0.51,0.51,0.11,2.6,0.68,4.7,0.11,0.11,,FALSE,FALSE,
139504-68-0,1-(2-tert.-Butyl cyclohexyloxy)-2-butanol,0.24,0.071,1.4,1.3,0.34,0.34,0.34,0.11,0.75,2.7,2.7,0.11,2.6,4.5,9.3,0.11,0.11,,FALSE,FALSE,
1891-67-4,"3,6,7-Trimethyl-2,6-octadienal",0.011,0.032,0.023,0.6,0.15,0.034,0.069,0.011,0.011,0.011,0.011,0.011,0.24,0.011,2.4,0.011,0.011,80.0,FALSE,FALSE,
74338-72-0,"2,4,4,7-Tetramethyl-6-octen-3-one",0.34,0.1,2.0,1.9,0.48,0.48,0.48,0.16,0.45,3.9,3.9,0.16,3.7,10.0,13.0,0.16,0.16,,FALSE,FALSE,
916887-53-1,2-Cyclohexylidene-2-ortho-tolylacetonitrile,0.066,0.027,0.33,0.52,0.13,0.13,0.13,0.043,0.066,0.99,0.99,0.043,1.0,0.066,3.6,0.043,0.043,66.0,FALSE,FALSE,
27538-09-6,Ethyl and Methyl furaneol,0.045,0.014,0.27,0.25,0.064,0.064,0.064,0.021,0.15,0.52,0.52,0.021,0.49,0.98,1.8,0.021,0.021,,FALSE,FALSE,
27538-10-9,Ethyl and Methyl furaneol,0.045,0.014,0.27,0.25,0.064,0.064,0.064,0.021,0.15,0.52,0.52,0.021,0.49,0.98,1.8,0.021,0.021,,FALSE,FALSE,
16429-07-5,2-Hexylidenecyclohexan-1-one,0.023,0.0069,0.14,0.13,0.033,0.033,0.033,0.033,0.076,0.26,0.26,0.014,0.25,0.9,0.9,0.5,0.5,,FALSE,FALSE,
623-36-9,2-Methyl-2-pentenal,0.0014,0.00041,0.0083,0.0077,0.002,0.002,0.002,0.00067,0.0045,0.016,0.016,0.00067,0.015,0.054,0.054,0.00067,0.00067,,FALSE,FALSE,
4643-27-0,2-Octen-4-one,0.0085,0.0025,0.051,0.047,0.012,0.012,0.012,0.012,0.028,0.096,0.096,0.005,0.092,0.33,0.33,0.18,0.18,,FALSE,FALSE,
67801-33-6,Methyl lavender ketone,0.015,0.0044,0.088,0.082,0.021,0.021,0.021,0.021,0.048,0.17,0.17,0.0086,0.16,0.57,0.57,0.32,0.32,,FALSE,FALSE,
67633-95-8,Methyl lavender ketone,0.015,0.0044,0.088,0.082,0.021,0.021,0.021,0.021,0.048,0.17,0.17,0.0086,0.16,0.57,0.57,0.32,0.32,,FALSE,FALSE,
81786-75-6,"3,4,5,6,6-Pentamethylhept-3-en-2-one",0.0095,0.1,0.019,1.9,0.26,0.029,0.0095,0.0032,0.0095,0.086,0.086,0.0032,0.39,0.39,2.6,0.0032,0.0032,,FALSE,FALSE,
81786-73-4,"3,4,5,6,6-Pentamethylhept-3-en-2-one",0.0095,0.1,0.019,1.9,0.26,0.029,0.0095,0.0032,0.0095,0.086,0.086,0.0032,0.39,0.39,2.6,0.0032,0.0032,,FALSE,FALSE,
86115-11-9,"3,4,5,6,6-Pentamethylhept-3-en-2-one",0.0095,0.1,0.019,1.9,0.26,0.029,0.0095,0.0032,0.0095,0.086,0.086,0.0032,0.39,0.39,2.6,0.0032,0.0032,,FALSE,FALSE,
81786-74-5,"3,4,5,6,6-Pentamethylhept-3-en-2-one",0.0095,0.1,0.019,1.9,0.26,0.029,0.0095,0.0032,0.0095,0.086,0.086,0.0032,0.39,0.39,2.6,0.0032,0.0032,,FALSE,FALSE,
93893-89-1,3-Methyl-5-phenylpent-2-enenitrile,0.021,0.0062,0.12,0.12,0.029,0.029,0.029,0.0097,0.065,0.24,0.24,0.0097,0.23,0.81,0.81,0.0097,0.0097,65.0,FALSE,FALSE,
53243-59-7,3-Methyl-5-phenylpent-2-enenitrile,0.021,0.0062,0.12,0.12,0.029,0.029,0.029,0.0097,0.065,0.24,0.24,0.0097,0.23,0.81,0.81,0.0097,0.0097,65.0,FALSE,FALSE,
53243-60-0,3-Methyl-5-phenylpent-2-enenitrile,0.021,0.0062,0.12,0.12,0.029,0.029,0.029,0.0097,0.065,0.24,0.24,0.0097,0.23,0.81,0.81,0.0097,0.0097,65.0,FALSE,FALSE,
1669-44-9,3-Octen-2-one,0.0085,0.0025,0.051,0.047,0.012,0.012,0.012,0.012,0.028,0.096,0.096,0.005,0.092,0.33,0.33,0.18,0.18,,FALSE,FALSE,
2550-11-0,Dimethyl octenone,0.18,0.1,0.37,1.9,0.48,0.37,0.48,0.12,0.18,0.55,0.55,0.12,1.5,0.73,2.4,0.12,0.12,,FALSE,FALSE,
16587-71-6,Isopentylcyclohexanone,0.027,0.008,0.16,0.15,0.038,0.038,0.038,0.013,0.061,0.24,0.24,0.013,0.29,0.061,1.1,0.013,0.013,61.0,FALSE,FALSE,
338735-71-0,Woody furan,0.17,0.05,1.0,0.94,0.24,0.24,0.24,0.08,0.56,1.9,1.9,0.08,1.8,4.1,6.6,0.08,0.08,,FALSE,FALSE,
351343-77-6,Woody furan,0.17,0.05,1.0,0.94,0.24,0.24,0.24,0.08,0.56,1.9,1.9,0.08,1.8,4.1,6.6,0.08,0.08,,FALSE,FALSE,
2705-87-5,Allyl 3-cyclohexylpropionate,0.085,0.025,0.35,0.47,0.12,0.12,0.12,0.04,0.28,0.7,0.7,0.04,0.92,0.7,3.3,0.04,0.04,,FALSE,FALSE,
60763-41-9,alpha-Amylcinnamicaldehyde diethyl acetal,0.063,0.019,0.38,0.35,0.089,0.089,0.089,0.089,0.21,0.72,0.72,0.037,0.69,2.5,2.5,1.4,1.4,,FALSE,FALSE,
91-87-2,alpha-Amylcinnamicaldehyde dimethyl acetal,0.063,0.019,0.38,0.35,0.089,0.089,0.089,0.089,0.21,0.72,0.72,0.037,0.69,2.5,2.5,1.4,1.4,,FALSE,FALSE,
10461-98-0,alpha-Cyclohexylidene benzeneacetonitrile,0.052,0.027,0.47,0.52,0.13,0.13,0.13,0.043,0.052,0.94,0.94,0.043,1.0,2.9,3.6,0.043,0.043,,FALSE,FALSE,
155514-23-1,5-Hexen-1-yl 2-methylbutanoate,0.12,0.034,0.69,0.64,0.16,0.16,0.16,0.16,0.38,1.3,1.3,0.068,1.3,4.5,4.5,2.5,2.5,,FALSE,FALSE,
97-42-7,Carvyl acetate,0.042,0.013,0.25,0.24,0.06,0.06,0.06,0.06,0.14,0.48,0.48,0.025,0.46,1.7,1.7,0.92,0.92,,FALSE,FALSE,
1205-42-1,Carvyl acetate,0.042,0.013,0.25,0.24,0.06,0.06,0.06,0.06,0.14,0.48,0.48,0.025,0.46,1.7,1.7,0.92,0.92,,FALSE,FALSE,
1134-95-8,Carvyl acetate,0.042,0.013,0.25,0.24,0.06,0.06,0.06,0.06,0.14,0.48,0.48,0.025,0.46,1.7,1.7,0.92,0.92,,FALSE,FALSE,
1576-78-9,cis-3-Heptenyl acetate,0.077,0.023,0.46,0.43,0.11,0.11,0.11,0.037,0.25,0.88,0.88,0.037,0.84,3.0,3.0,0.037,0.037,,FALSE,FALSE,
35154-45-1,cis-3-Hexenyl isovalerate,0.077,0.023,0.46,0.43,0.11,0.11,0.11,0.037,0.25,0.88,0.88,0.037,0.84,1.8,3.0,0.037,0.037,,FALSE,FALSE,
67633-96-9,cis-3-Hexenyl methyl carbonate,0.1,0.03,0.6,0.56,0.14,0.14,0.14,0.047,0.33,1.1,1.1,0.047,1.1,3.9,3.9,0.047,0.047,,FALSE,FALSE,
13049-88-2,cis-3-Nonenyl acetate,0.077,0.023,0.46,0.43,0.11,0.11,0.11,0.037,0.25,0.88,0.88,0.037,0.84,3.0,3.0,0.037,0.037,,FALSE,FALSE,
150-84-5,Citronellyl acetate,0.49,0.15,2.0,2.7,0.7,0.7,0.7,0.23,0.82,2.4,2.4,0.23,5.4,0.41,16.0,0.23,0.23,,FALSE,FALSE,
67601-05-2,Citronellyl acetate,0.49,0.15,2.0,2.7,0.7,0.7,0.7,0.23,0.82,2.4,2.4,0.23,5.4,0.41,16.0,0.23,0.23,,FALSE,FALSE,
141-11-7,Citronellyl acetate,0.49,0.15,2.0,2.7,0.7,0.7,0.7,0.23,0.82,2.4,2.4,0.23,5.4,0.41,16.0,0.23,0.23,,FALSE,FALSE,
2550-52-9,Cyclohexadecanone,0.25,0.23,4.4,4.3,1.1,1.1,1.1,0.37,0.25,7.4,7.4,0.37,8.4,0.98,13.0,0.37,0.37,,FALSE,FALSE,
88642-03-9,Cyclohexadecenone,0.43,0.23,2.2,4.3,1.1,1.1,0.43,0.14,0.43,3.5,3.5,0.14,8.4,7.3,30.0,0.14,0.14,,FALSE,FALSE,
5365-06-0,Cyclohexadecenone,0.43,0.23,2.2,4.3,1.1,1.1,0.43,0.14,0.43,3.5,3.5,0.14,8.4,7.3,30.0,0.14,0.14,,FALSE,FALSE,
2550-59-6,Cyclohexadecenone,0.43,0.23,2.2,4.3,1.1,1.1,0.43,0.14,0.43,3.5,3.5,0.14,8.4,7.3,30.0,0.14,0.14,,FALSE,FALSE,
3100-36-5,Cyclohexadecenone,0.43,0.23,2.2,4.3,1.1,1.1,0.43,0.14,0.43,3.5,3.5,0.14,8.4,7.3,30.0,0.14,0.14,,FALSE,FALSE,
5120-20-7,Cyclohexadecenone,0.43,0.23,2.2,4.3,1.1,1.1,0.43,0.14,0.43,3.5,3.5,0.14,8.4,7.3,30.0,0.14,0.14,,FALSE,FALSE,
854373-71-0,Cyclohexadecenone,0.43,0.23,2.2,4.3,1.1,1.1,0.43,0.14,0.43,3.5,3.5,0.14,8.4,7.3,30.0,0.14,0.14,,FALSE,FALSE,
854373-70-9,Cyclohexadecenone,0.43,0.23,2.2,4.3,1.1,1.1,0.43,0.14,0.43,3.5,3.5,0.14,8.4,7.3,30.0,0.14,0.14,,FALSE,FALSE,
60241-52-3,"1-(2,2,6-Trimethylcyclohexyl)-3-pentanol",0.096,0.071,1.4,1.3,0.34,0.34,0.096,0.032,0.096,2.7,2.7,0.032,2.6,3.4,9.3,0.032,0.032,,FALSE,FALSE,
60241-53-4,"1-(2,2,6-Trimethylcyclohexyl)-3-pentanol",0.096,0.071,1.4,1.3,0.34,0.34,0.096,0.032,0.096,2.7,2.7,0.032,2.6,3.4,9.3,0.032,0.032,,FALSE,FALSE,
58567-11-6,(Ethoxymethoxy)-cyclododecane,0.27,0.08,1.6,1.5,0.38,0.38,0.38,0.13,0.49,3.1,3.1,0.13,2.9,11.0,11.0,0.13,0.13,,FALSE,FALSE,
62439-42-3,"6-Hydroxy-2,6-dimethylheptanal",0.22,0.066,1.3,1.2,0.32,0.32,0.32,0.11,0.73,1.8,1.8,0.11,2.4,0.91,8.7,0.11,0.11,,FALSE,FALSE,
122-67-8,Isobutyl cinnamate,0.22,0.066,1.3,1.2,0.32,0.32,0.32,0.11,0.73,2.5,2.5,0.11,2.4,0.55,0.55,0.11,0.11,,FALSE,FALSE,
93-29-8,Isoeugenyl acetate,0.18,0.053,0.061,0.99,0.25,0.061,0.082,0.02,0.02,0.061,0.061,0.02,0.2,0.061,0.45,0.02,0.02,16.0,FALSE,TRUE,
68966-86-9,4-Methyl-1-propan-2-ylbicyclo[2.2.2]oct-2-ene-8-carboxylate,0.17,0.05,0.85,0.94,0.24,0.24,0.24,0.08,0.17,0.85,0.85,0.08,1.8,2.0,6.6,0.08,0.08,,FALSE,FALSE,
5533-03-9,Methyl vanillyl ether,0.065,0.08,0.065,1.5,0.38,0.065,0.065,0.022,0.065,0.065,0.065,0.022,2.9,5.8,11.0,0.022,0.022,,FALSE,FALSE,
72403-67-9,Myraldyl acetate,0.077,0.023,0.46,0.43,0.11,0.11,0.11,0.11,0.25,0.88,0.88,0.045,0.84,3.0,3.0,1.7,1.7,,FALSE,FALSE,
68738-94-3,Octahydro-dimethylnaphthalene-2-carbaldehyde (mixed isomers),0.38,0.11,2.3,2.1,0.54,0.54,0.54,0.54,1.3,4.4,4.4,0.23,4.2,15.0,15.0,8.3,8.3,,FALSE,FALSE,
68738-96-5,Octahydro-dimethylnaphthalene-2-carbaldehyde (mixed isomers),0.38,0.11,2.3,2.1,0.54,0.54,0.54,0.54,1.3,4.4,4.4,0.23,4.2,15.0,15.0,8.3,8.3,,FALSE,FALSE,
68991-96-8,Octahydro-dimethylnaphthalene-2-carbaldehyde (mixed isomers),0.38,0.11,2.3,2.1,0.54,0.54,0.54,0.54,1.3,4.4,4.4,0.23,4.2,15.0,15.0,8.3,8.3,,FALSE,FALSE,
68991-97-9,Octahydro-dimethylnaphthalene-2-carbaldehyde (mixed isomers),0.38,0.11,2.3,2.1,0.54,0.54,0.54,0.54,1.3,4.4,4.4,0.23,4.2,15.0,15.0,8.3,8.3,,FALSE,FALSE,
106-44-5,p-Cresol,0.005,0.005,0.005,0.005,0.005,0.005,0.005,0.0017,0.005,0.005,0.005,0.0017,0.005,0.005,0.005,0.0017,0.0017,,FALSE,FALSE,
1319-77-3,p-Cresol,0.005,0.005,0.005,0.005,0.005,0.005,0.005,0.0017,0.005,0.005,0.005,0.0017,0.005,0.005,0.005,0.0017,0.0017,,FALSE,FALSE,
2120-70-9,Phenoxyacetaldehyde,0.045,0.014,0.27,0.25,0.064,0.064,0.064,0.021,0.15,0.24,0.24,0.021,0.49,0.48,1.8,0.021,0.021,,FALSE,FALSE,
499-70-7,Carvomenthone,0.0019,0.0019,0.0019,1.9,0.079,0.0019,0.019,0.00064,0.027,0.0019,0.0019,0.00064,0.054,0.0019,0.0019,0.00064,0.00064,0.0019,FALSE,FALSE,
59471-80-6,Carvomenthone,0.0019,0.0019,0.0019,1.9,0.079,0.0019,0.019,0.00064,0.027,0.0019,0.0019,0.00064,0.054,0.0019,0.0019,0.00064,0.00064,0.0019,FALSE,FALSE,
98-53-3,4-tert-Butylcyclohexanone,0.027,0.008,0.16,0.15,0.038,0.038,0.038,0.013,0.088,0.26,0.26,0.013,0.29,0.13,0.52,0.013,0.013,58.0,FALSE,FALSE,
53767-86-5,"7-Methoxy-3,7-dimethyloct-1-ene",1e-05,1e-05,1e-05,1e-05,0.042,1e-05,1e-05,3.3e-06,1e-05,1e-05,1e-05,3.3e-06,0.0042,1e-05,0.61,3.3e-06,3.3e-06,0.1,FALSE,FALSE,
2986-54-1,Methoxycyclododecane,1e-05,0.023,0.0015,0.43,0.018,0.0046,1e-05,3.3e-06,1e-05,0.012,0.012,3.3e-06,0.026,0.0092,0.16,3.3e-06,3.3e-06,0.18,FALSE,FALSE,
10599-70-9,"3-Acetyl-2,5-dimethylfuran",0.0,0.0,0.0,0.0,0.0,0.0,0.0,0.0,0.0,0.0,0.0,0.0,0.0,0.0,0.0,0.0,0.0,0.0,FALSE,FALSE,
358331-95-0,"2,5-Octadien-4-one, 5,6,7-trimethyl-, (2E)-",0.019,0.0057,0.12,0.11,0.027,0.027,0.027,0.027,0.063,0.22,0.22,0.011,0.21,0.75,0.75,0.42,0.42,,FALSE,FALSE,
357650-26-1,"2,5-Octadien-4-one, 5,6,7-trimethyl-, (2E)-",0.019,0.0057,0.12,0.11,0.027,0.027,0.027,0.027,0.063,0.22,0.22,0.011,0.21,0.75,0.75,0.42,0.42,,FALSE,FALSE,
847144-75-6,"2,5-Octadien-4-one, 5,6,7-trimethyl-, (2E)-",0.019,0.0057,0.12,0.11,0.027,0.027,0.027,0.027,0.063,0.22,0.22,0.011,0.21,0.75,0.75,0.42,0.42,,FALSE,FALSE,
